h3_orig,dias_con_datos,primera_fecha,ultima_fecha
888b2c8a3bfffff,565,2022-09-12,2024-06-03
888b2c8ae5fffff,564,2022-09-13,2024-06-03
888b2c8a33fffff,564,2022-09-12,2024-06-03
888b2c8a15fffff,564,2022-09-12,2024-06-03
888b2c8aedfffff,564,2022-09-12,2024-06-03
888b2c80e5fffff,564,2022-09-13,2024-06-03
888b2c8a39fffff,564,2022-09-13,2024-06-03
888b2c8a03fffff,564,2022-09-12,2024-06-03
888b2c8a31fffff,564,2022-09-13,2024-06-03
888b2c8ae1fffff,563,2022-09-12,2024-06-03
888b2c8a8dfffff,563,2022-09-13,2024-06-03
888b2c8a37fffff,563,2022-09-13,2024-06-03
888b2c8a0bfffff,563,2022-09-13,2024-06-03
888b2c8ae3fffff,563,2022-09-13,2024-06-03
888b2c8859fffff,563,2022-09-13,2024-06-03
888b2c8ac7fffff,563,2022-09-13,2024-06-03
888b2c8aebfffff,563,2022-09-13,2024-06-03
888b2c8a11fffff,563,2022-09-13,2024-06-03
888b2c8ac5fffff,562,2022-09-14,2024-06-03
888b2c8135fffff,562,2022-09-14,2024-06-03
888b2c8a3dfffff,562,2022-09-14,2024-06-03
888b2c8ae9fffff,562,2022-09-13,2024-06-03
888b2c8a17fffff,562,2022-09-13,2024-06-03
888b2c885dfffff,562,2022-09-14,2024-06-03
888b2c8ae7fffff,562,2022-09-14,2024-06-03
888b2c8acdfffff,562,2022-09-14,2024-06-03
888b2c8aa9fffff,562,2022-09-13,2024-06-03
888b2c8a13fffff,562,2022-09-14,2024-06-03
888b2c8a01fffff,562,2022-09-14,2024-06-03
888b2c8a85fffff,562,2022-09-14,2024-06-03
888b2c8a6bfffff,562,2022-09-14,2024-06-03
888b2c8a87fffff,562,2022-09-14,2024-06-03
888b2c8a19fffff,561,2022-09-14,2024-06-03
888b2c8a07fffff,561,2022-09-15,2024-06-03
888b2c8f45fffff,560,2022-09-15,2024-06-03
888b2c8ac1fffff,560,2022-09-14,2024-06-03
888b2c8a1bfffff,560,2022-09-14,2024-06-03
888b2c8ac3fffff,560,2022-09-13,2024-06-03
888b2c8a09fffff,560,2022-09-15,2024-06-03
888b2c8a35fffff,559,2022-09-15,2024-06-03
888b2c8acbfffff,559,2022-09-14,2024-06-03
888b2c8a0dfffff,559,2022-09-14,2024-06-03
888b2c8aadfffff,559,2022-09-14,2024-06-03
888b2c8ac9fffff,559,2022-09-14,2024-06-03
888b2c8841fffff,559,2022-09-14,2024-06-03
888b2c8845fffff,559,2022-09-13,2024-06-03
888b2c8137fffff,559,2022-09-13,2024-06-03
888b2c8a89fffff,559,2022-09-14,2024-06-03
888b2c8127fffff,559,2022-09-15,2024-06-03
888b2c8851fffff,558,2022-09-14,2024-06-03
888b2c8a43fffff,558,2022-09-14,2024-06-03
888b2c8a61fffff,558,2022-09-13,2024-06-03
888b2c8a57fffff,558,2022-09-15,2024-06-03
888b2c81d9fffff,557,2022-09-15,2024-06-03
888b2c885bfffff,557,2022-09-14,2024-06-03
888b2c8ab9fffff,557,2022-09-14,2024-06-03
888b2c8843fffff,557,2022-09-15,2024-06-03
888b2c81edfffff,557,2022-09-15,2024-06-03
888b2c81c5fffff,556,2022-09-15,2024-06-03
888b2c8a81fffff,556,2022-09-14,2024-06-02
888b2c81e9fffff,556,2022-09-14,2024-06-03
888b2c8aabfffff,556,2022-09-15,2024-06-03
888b2c8a55fffff,555,2022-09-14,2024-06-03
888b2c8a1dfffff,555,2022-09-14,2024-06-03
888b2c8a2bfffff,554,2022-09-14,2024-06-03
888b2c8125fffff,554,2022-09-14,2024-06-03
888b2c8a41fffff,554,2022-09-16,2024-06-03
888b2c884bfffff,551,2022-09-14,2024-06-03
888b2c8133fffff,549,2022-09-14,2024-06-03
888b2cd4c3fffff,548,2022-09-16,2024-06-02
888b2c8a4bfffff,547,2022-09-14,2024-06-03
888b2c8a95fffff,546,2022-09-14,2024-06-02
888b2c8b11fffff,545,2022-09-14,2024-06-02
888b2c8aa3fffff,545,2022-09-14,2024-06-03
888b2c8853fffff,543,2022-09-13,2024-06-03
888b2c8f41fffff,543,2022-09-14,2024-06-03
888b2c8addfffff,543,2022-09-15,2024-06-03
888b2c8aa1fffff,542,2022-09-15,2024-06-03
888b2c999bfffff,541,2022-09-14,2024-06-03
888b2c99b9fffff,539,2022-09-14,2024-06-03
888b2c81c7fffff,539,2022-09-16,2024-06-03
888b2c8b21fffff,537,2022-09-14,2024-06-03
888b2c8a6dfffff,536,2022-09-14,2024-06-02
888b2c813bfffff,536,2022-09-15,2024-06-02
888b2c8a4dfffff,536,2022-09-14,2024-06-03
888b2c8131fffff,536,2022-09-15,2024-06-03
888b2c81c3fffff,534,2022-09-13,2024-06-03
888b2c8a97fffff,532,2022-09-15,2024-06-03
888b2c8a05fffff,532,2022-09-17,2024-06-03
888b2c81ddfffff,531,2022-09-15,2024-06-03
888b2cd4d5fffff,530,2022-09-13,2024-06-03
888b2c8847fffff,529,2022-09-14,2024-06-02
888b2c8a83fffff,528,2022-09-14,2024-06-03
888b2c8b13fffff,528,2022-09-14,2024-06-02
888b2c8abdfffff,525,2022-09-14,2024-06-03
888b2c80edfffff,524,2022-09-13,2024-06-03
888b2c8a23fffff,523,2022-09-13,2024-06-02
888b2c884dfffff,520,2022-09-13,2024-06-03
888b2c8f43fffff,515,2022-09-15,2024-06-03
888b2c8b2bfffff,515,2022-09-16,2024-06-03
888b2c81e5fffff,514,2022-09-16,2024-06-03
888b2c8aa5fffff,513,2022-09-14,2024-06-03
888b2c8b17fffff,512,2022-09-15,2024-06-03
888b2c999dfffff,510,2022-09-14,2024-06-03
888b2c81ebfffff,509,2022-09-15,2024-06-03
888b2c8b15fffff,509,2022-09-15,2024-06-03
888b2c8a65fffff,509,2022-09-14,2024-06-03
888b2c9991fffff,506,2022-09-15,2024-06-02
888b2c8869fffff,504,2022-09-17,2024-06-02
888b2c8a49fffff,504,2022-09-14,2024-06-02
888b2c81e1fffff,499,2022-09-15,2024-06-03
888b2c8ad9fffff,498,2022-09-15,2024-06-02
888b2c8b3bfffff,496,2022-09-14,2024-06-02
888b2c8a51fffff,494,2022-09-13,2024-06-03
888b2c98b5fffff,492,2022-09-14,2024-06-02
888b2c8a53fffff,492,2022-09-14,2024-06-03
888b2c8a5dfffff,485,2022-09-14,2024-06-03
888b2c9997fffff,484,2022-09-15,2024-06-03
888b2c81d5fffff,478,2022-09-17,2024-05-31
888b2c98a7fffff,477,2022-09-15,2024-06-03
888b2c9995fffff,477,2022-09-16,2024-06-02
888b2c99bbfffff,476,2022-09-13,2024-06-03
888b2c80e1fffff,475,2022-09-15,2024-06-02
888b2c886bfffff,472,2022-09-17,2024-06-02
888b2c8b39fffff,472,2022-09-14,2024-06-02
888b2c8a47fffff,467,2022-09-16,2024-06-03
888b2c8a93fffff,465,2022-09-15,2024-06-02
888b2c8f47fffff,462,2022-09-14,2024-06-03
888b2c8a8bfffff,462,2022-09-18,2024-06-02
888b2c8123fffff,461,2022-09-17,2024-06-03
888b2cd4d1fffff,453,2022-09-16,2024-06-02
888b2c8b1bfffff,450,2022-09-15,2024-06-03
888b2c8b07fffff,445,2022-09-14,2024-06-03
888b2c8033fffff,443,2022-09-17,2024-06-02
888b2c8ab5fffff,435,2022-09-17,2024-06-02
888b2c8ad5fffff,434,2022-09-15,2024-06-03
888b2c8855fffff,431,2022-09-22,2024-06-03
888b2c8b31fffff,426,2022-09-19,2024-06-02
888b2c9987fffff,426,2022-09-13,2024-06-03
888b2c886dfffff,418,2022-09-16,2024-06-02
888b2c8a69fffff,417,2022-09-17,2024-06-02
888b2c8b2dfffff,416,2022-09-14,2024-06-03
888b2c8abbfffff,408,2022-09-14,2024-06-02
888b2cd4d3fffff,405,2022-09-17,2024-06-03
888b2c8b3dfffff,400,2022-09-16,2024-06-03
888b2c9983fffff,398,2022-09-12,2024-06-03
888b2c8117fffff,396,2022-09-16,2024-06-02
888b2cd4ddfffff,393,2022-09-17,2024-06-02
888b2c98abfffff,390,2022-09-15,2024-06-02
888b2cd489fffff,387,2022-09-19,2024-06-03
888b2c8a67fffff,383,2022-09-15,2024-06-02
888b2c99b3fffff,379,2022-09-16,2024-06-03
888b2c80e7fffff,375,2022-09-16,2024-06-02
888b2c8e61fffff,372,2022-09-15,2024-06-02
888b2c8aa7fffff,361,2022-09-16,2024-06-02
888b2c9989fffff,358,2022-09-15,2024-06-03
888b2c8ab1fffff,356,2022-09-14,2024-06-01
888b2c8f6dfffff,353,2022-09-14,2024-06-02
888b2c98c7fffff,337,2022-09-19,2024-06-02
888b2c9981fffff,331,2022-09-17,2024-06-03
888b2cd4c7fffff,331,2022-09-20,2024-06-01
888b2c98a3fffff,329,2022-09-12,2024-06-02
888b2c80c3fffff,326,2022-09-15,2024-06-03
888b2c8a63fffff,325,2022-09-15,2024-06-02
888b2c98bdfffff,323,2022-09-17,2024-06-02
888b2c8a91fffff,309,2022-09-14,2024-06-01
888b2c8ad1fffff,295,2022-09-15,2024-06-02
888b2c803bfffff,292,2022-09-15,2024-06-01
888b2c8b23fffff,291,2022-09-20,2024-06-01
888b2c8b57fffff,291,2022-09-17,2024-06-03
888b2c80d5fffff,291,2022-09-20,2024-06-03
888b2c813dfffff,290,2022-09-15,2024-06-03
888b2c9887fffff,284,2022-09-15,2024-06-02
888b2c998bfffff,284,2022-09-19,2024-06-02
888b2c81abfffff,283,2022-09-18,2024-06-01
888b2c8037fffff,281,2022-09-15,2024-06-03
888b2c81a1fffff,280,2022-09-15,2024-06-02
888b2c8b19fffff,280,2022-09-15,2024-06-02
888b2c8b35fffff,277,2022-09-16,2024-06-02
888b2c8809fffff,272,2022-09-21,2024-06-03
888b2c8ad3fffff,270,2022-09-15,2024-06-02
888b2c98c1fffff,268,2022-09-15,2024-06-02
888b2c99dbfffff,261,2022-09-15,2024-06-03
888b2c99d1fffff,261,2022-09-20,2024-06-03
888b2c99b1fffff,260,2022-09-28,2024-06-03
888b2c8a9dfffff,257,2022-09-21,2024-06-02
888b2c8b03fffff,252,2022-09-17,2024-06-02
888b2c81dbfffff,252,2022-09-16,2024-06-02
888b2c98a1fffff,251,2022-09-15,2024-06-03
888b2c8a45fffff,247,2022-10-06,2024-06-03
888b2c9993fffff,244,2022-09-14,2024-06-03
888b2c8ad7fffff,241,2022-09-15,2024-06-01
888b2c81cbfffff,240,2022-09-20,2024-06-01
888b2c81d1fffff,237,2022-09-15,2024-06-02
888b2c98a5fffff,236,2022-09-17,2024-06-03
888b2c98adfffff,236,2022-09-16,2024-06-02
888b2c8b1dfffff,235,2022-10-04,2024-06-01
888b2c80e9fffff,235,2022-09-14,2024-06-01
888b2c8a2dfffff,229,2022-09-15,2024-06-01
888b2c8161fffff,223,2022-09-27,2024-06-02
888b2c8a99fffff,221,2022-09-15,2024-06-01
888b2c81c1fffff,221,2022-09-20,2024-06-02
888b2c988dfffff,219,2022-09-17,2024-06-02
888b2c98e3fffff,217,2022-09-17,2024-06-02
888b2c99c7fffff,212,2022-09-17,2024-06-03
888b2c99c5fffff,209,2022-09-19,2024-06-01
888b2c8b33fffff,206,2022-09-21,2024-06-02
888b2c80adfffff,204,2022-09-14,2024-06-02
888b2c832dfffff,201,2022-09-17,2024-05-31
888b2c8ab7fffff,200,2022-09-16,2024-06-02
888b2c8849fffff,199,2022-09-15,2024-06-02
888b2c9999fffff,199,2022-09-16,2024-06-02
888b2c8f69fffff,195,2022-09-23,2024-06-01
888b2c8857fffff,187,2022-09-19,2024-05-24
888b2c8189fffff,185,2022-09-22,2024-05-30
888b2c81e3fffff,183,2022-09-25,2024-05-24
888b2c8a5bfffff,181,2022-11-06,2024-06-02
888b2c9881fffff,181,2022-09-14,2024-06-02
888b2c8b59fffff,180,2022-09-19,2024-06-02
888b2c808bfffff,178,2022-09-15,2024-06-02
888b2c8b27fffff,178,2022-09-22,2024-06-03
888b2c8ab3fffff,177,2022-09-20,2024-06-01
888b2c80ebfffff,177,2022-09-16,2024-05-29
888b2c8b25fffff,176,2022-09-17,2024-05-30
888b2c98e7fffff,173,2022-09-17,2024-06-01
888b2c98a9fffff,171,2022-09-18,2024-06-02
888b2c8325fffff,170,2022-09-16,2024-05-31
888b2c99d5fffff,169,2022-09-13,2024-06-02
888b2c8121fffff,166,2022-10-22,2024-06-02
888b2c8113fffff,165,2022-09-17,2024-05-31
888b2c81a9fffff,165,2022-09-25,2024-05-29
888b2c8adbfffff,162,2022-09-17,2024-06-02
888b2c88c9fffff,162,2022-09-19,2024-06-01
888b2c82dbfffff,161,2022-09-14,2024-06-01
888b2c99d7fffff,160,2022-09-15,2024-05-25
888b2c8185fffff,159,2022-09-14,2024-06-03
888b2c8a59fffff,159,2022-09-17,2024-06-02
888b2c8017fffff,158,2022-09-25,2024-05-27
888b2c8b47fffff,157,2022-09-16,2024-06-01
888b2c80c7fffff,156,2022-09-18,2024-06-01
888b2c8b43fffff,156,2022-10-10,2024-06-01
888b2cc6c9fffff,154,2023-09-15,2024-06-03
888b2cd4ebfffff,153,2022-09-14,2024-06-02
888b2c8f09fffff,153,2022-09-19,2024-06-01
888b2c8a29fffff,151,2022-09-24,2024-05-31
888b2c99d3fffff,151,2022-09-16,2024-06-01
888b2c818dfffff,148,2022-09-16,2024-05-31
888b2c8115fffff,148,2022-09-25,2024-06-01
888b2c998dfffff,145,2022-09-30,2024-05-31
888b2c80e3fffff,145,2022-09-14,2024-05-31
888b2c989bfffff,144,2022-09-14,2024-05-30
888b2c9885fffff,143,2022-09-14,2024-05-31
888b2c99c1fffff,141,2022-09-14,2024-05-29
888b2c99bdfffff,141,2022-09-15,2024-06-02
888b2cd4cbfffff,140,2022-09-28,2024-05-30
888b2c8b55fffff,139,2022-09-18,2024-05-28
888b2cd4e9fffff,139,2022-09-15,2024-06-02
888b2c98b1fffff,138,2022-09-19,2024-06-02
888b2c81d3fffff,137,2022-09-18,2024-06-02
888b2cd317fffff,136,2022-09-27,2024-06-01
888b2c8f61fffff,134,2022-09-16,2024-06-02
888b2c8a9bfffff,132,2022-10-02,2024-06-02
888b2c8f5dfffff,131,2022-10-07,2024-06-02
888b2c8169fffff,130,2022-09-25,2024-06-02
888b2c98d5fffff,130,2022-09-17,2024-06-01
888b2c81a5fffff,129,2022-09-16,2024-06-03
888b2c8b6bfffff,128,2022-09-17,2024-05-31
888b2c81bbfffff,128,2022-09-26,2024-05-31
888b2c8f65fffff,127,2022-09-17,2024-06-01
888b2c98ebfffff,126,2022-09-19,2024-06-02
888b2c8139fffff,125,2022-09-17,2024-06-02
888b2c99ddfffff,125,2022-09-17,2024-05-31
888b2c99d9fffff,123,2022-09-25,2024-06-01
888b2c8b53fffff,123,2022-09-22,2024-06-02
888b2c80a9fffff,122,2022-09-26,2024-06-01
888b2c881bfffff,122,2022-09-17,2024-05-31
888b2c81a7fffff,122,2022-09-14,2024-06-01
888b2c8b51fffff,122,2022-09-29,2024-06-01
888b2c98e1fffff,120,2022-09-14,2024-06-02
888b2c814dfffff,119,2022-09-21,2024-06-01
888b2c8b09fffff,116,2022-09-14,2024-06-03
888b2c81bdfffff,115,2022-09-17,2024-06-01
888b2c98b7fffff,114,2022-10-12,2024-05-29
888b2cd4c1fffff,113,2022-09-22,2024-05-31
888b2c81e7fffff,113,2022-09-29,2024-06-01
888b2c98e5fffff,113,2022-10-15,2024-05-31
888b2c9889fffff,110,2022-11-17,2024-05-25
888b2c8f4dfffff,110,2022-09-25,2024-06-01
888b2c8145fffff,110,2022-09-22,2024-05-30
888b2c8861fffff,109,2022-09-22,2024-06-01
888b2c8949fffff,107,2022-09-17,2024-06-02
888b2c8431fffff,107,2022-09-16,2024-05-31
888b2cd49bfffff,107,2022-09-28,2024-06-01
888b2c8f51fffff,105,2022-09-16,2024-06-02
888b2c8015fffff,105,2022-09-29,2024-05-31
888b2c9913fffff,104,2022-09-21,2024-06-03
888b2c9985fffff,104,2022-09-14,2024-06-02
888b2c8165fffff,104,2022-09-19,2024-06-03
888b2c80ddfffff,99,2022-09-24,2024-06-02
888b2c80a7fffff,98,2022-09-17,2024-06-03
888b2c8b29fffff,97,2022-09-27,2024-05-25
888b2c81a3fffff,96,2022-09-16,2024-05-25
888b2c8f0dfffff,96,2022-09-17,2024-05-31
888b2c8f55fffff,92,2022-09-23,2024-06-02
888b2c812bfffff,92,2022-09-15,2024-06-03
888b2c8f49fffff,92,2022-10-02,2024-05-30
888b2c8089fffff,91,2022-09-20,2024-05-27
888b2c81b1fffff,89,2022-09-29,2024-06-02
888b2c8e69fffff,87,2022-09-30,2024-06-02
88b32d9283fffff,85,2022-10-02,2024-05-30
888b2c8039fffff,84,2022-09-19,2024-05-27
888b2c8f63fffff,83,2022-09-25,2024-06-01
888b2c81cdfffff,83,2022-09-18,2024-05-25
888b2cd4dbfffff,82,2022-09-16,2024-06-02
888b2c98cbfffff,82,2022-09-22,2024-05-26
888b2c8819fffff,81,2022-10-14,2024-05-27
888b2c9893fffff,81,2022-09-17,2024-06-03
888b2c99e9fffff,79,2022-10-04,2024-06-03
888b2c8105fffff,79,2022-09-21,2024-06-02
888b2c81d7fffff,78,2022-09-24,2024-05-30
888b2c98c5fffff,77,2022-09-26,2024-05-31
888b2c8103fffff,77,2022-09-22,2024-06-02
888b2c8b63fffff,77,2022-09-14,2024-06-02
888b2c8b05fffff,77,2022-09-27,2024-06-02
888b2c8e6dfffff,75,2022-09-27,2024-06-03
888b2c818bfffff,74,2022-09-29,2024-06-01
888b2c99cdfffff,74,2022-09-17,2024-06-03
888b2c99ebfffff,73,2022-09-30,2024-05-29
88b32d929dfffff,73,2022-09-24,2024-05-25
888b2c8b0dfffff,73,2022-09-16,2024-05-29
888b2c801bfffff,71,2022-09-22,2024-05-31
888b2c819bfffff,71,2022-09-16,2024-05-22
888b2c98e9fffff,71,2022-10-09,2024-05-30
888b2c99c3fffff,71,2022-09-28,2024-05-30
888b2c99abfffff,70,2022-09-17,2024-06-01
888b2c808dfffff,69,2022-11-25,2024-05-29
888b2cd4c5fffff,69,2022-09-26,2024-06-02
888b2c8b0bfffff,68,2022-10-28,2024-05-23
888b2c98b9fffff,68,2022-09-20,2024-05-31
888b2c8f6bfffff,67,2022-09-25,2024-05-27
888b2cd4cdfffff,67,2022-10-06,2024-05-19
888b2c8197fffff,67,2022-09-26,2024-05-24
888b2c8b61fffff,65,2022-09-22,2024-05-29
888b2c8031fffff,65,2022-09-29,2024-06-01
888b2c8e49fffff,64,2022-10-17,2024-05-26
888b2cd437fffff,64,2022-09-28,2024-05-16
888b2cd499fffff,64,2022-09-26,2024-05-31
888b2c8149fffff,63,2022-09-26,2024-05-19
888b2c989dfffff,63,2022-09-29,2024-05-16
888b2cd433fffff,63,2022-10-22,2024-02-28
888b2c80a1fffff,63,2022-09-25,2024-06-03
888b2c8111fffff,63,2022-09-24,2024-05-28
88b32d9027fffff,62,2022-09-21,2024-06-02
888b2c8129fffff,61,2022-10-02,2024-05-31
888b2c99b7fffff,61,2022-10-30,2024-05-27
888b2c8011fffff,60,2022-11-03,2024-05-19
888b2c8e63fffff,58,2022-09-17,2024-05-26
888b2cd6b3fffff,58,2022-09-24,2024-05-21
888b2c88cdfffff,58,2022-09-24,2024-05-20
888b2c98c3fffff,57,2022-10-22,2024-05-30
888b2c801dfffff,56,2022-10-05,2024-05-19
888b2c80d9fffff,56,2022-10-04,2024-05-30
888b2c99c9fffff,56,2022-12-11,2024-05-30
888b2c8195fffff,56,2022-10-19,2024-06-02
888b2c994bfffff,56,2022-10-11,2024-05-27
888b2c80a5fffff,55,2022-10-18,2024-05-26
888b2cd4edfffff,54,2022-09-16,2024-05-24
888b2c91c5fffff,52,2022-09-27,2024-06-02
888b2c80b5fffff,52,2022-09-16,2024-05-13
888b2c81b9fffff,52,2022-10-11,2024-05-27
888b2c98c9fffff,50,2022-09-20,2024-06-01
888b2c8b67fffff,50,2022-10-24,2024-05-08
888b2c99e3fffff,50,2022-09-22,2024-06-03
888b2cd6b7fffff,49,2022-10-10,2024-05-30
888b2c81b5fffff,48,2022-09-17,2024-06-02
888b2c8a21fffff,48,2022-10-17,2024-06-01
888b2c9883fffff,48,2022-10-22,2024-06-02
888b2c8f57fffff,47,2022-11-18,2024-05-29
888b2c82b3fffff,47,2022-09-24,2024-05-08
888b2c8b41fffff,47,2022-09-13,2024-05-12
888b2c8e09fffff,47,2022-11-30,2024-06-02
888b2cd4d7fffff,46,2022-09-17,2024-05-26
888b2c82b1fffff,46,2022-09-27,2024-05-27
888b2c8f4bfffff,46,2022-11-05,2024-06-03
888b2c880dfffff,46,2022-09-17,2024-05-29
888b2c8183fffff,46,2022-12-04,2024-05-31
888b2c8163fffff,45,2022-09-26,2024-05-31
888b2c80d1fffff,45,2022-10-01,2024-05-25
888b2c88d9fffff,44,2022-10-15,2024-06-01
888b2c8e65fffff,44,2022-10-01,2024-05-15
888b2c8739fffff,43,2023-09-18,2024-05-28
888b2c8e4dfffff,43,2022-10-11,2024-05-30
888b2c8321fffff,43,2022-11-03,2024-05-27
888b2c8e67fffff,42,2022-10-16,2024-05-21
888b2c8e07fffff,42,2022-09-24,2024-06-02
888b2c8e41fffff,42,2022-10-01,2024-05-23
888b2c8085fffff,42,2022-10-03,2024-05-26
888b2c9911fffff,41,2022-10-13,2024-05-27
888b2cd4e1fffff,41,2022-10-01,2024-05-20
888b2c82c3fffff,41,2022-09-17,2024-05-31
888b2c9955fffff,41,2022-10-13,2024-05-27
888b2c82c9fffff,41,2022-10-03,2024-06-02
888b2c80cbfffff,41,2022-10-17,2024-06-02
888b2cd5cbfffff,40,2022-10-02,2024-05-30
888b2c8327fffff,40,2022-10-22,2024-05-31
888b2c8f01fffff,39,2022-10-01,2024-05-20
888b2c8187fffff,39,2022-10-11,2024-05-30
888b2cd48bfffff,38,2022-09-28,2024-05-21
888b2c8181fffff,38,2022-09-28,2024-05-15
888b2c99e1fffff,37,2022-09-22,2024-05-19
888b2c8035fffff,37,2022-09-24,2024-05-19
888b2c8337fffff,36,2022-11-04,2024-05-19
888b2c8097fffff,36,2022-09-30,2024-05-31
888b2c8553fffff,35,2023-09-27,2024-05-30
888b2c8167fffff,35,2022-10-28,2024-05-13
888b2cd413fffff,35,2022-11-11,2024-05-27
888b2c82d9fffff,34,2022-11-16,2024-02-23
888b2c98cdfffff,34,2022-11-04,2024-05-29
888b2c816dfffff,34,2022-09-19,2024-02-16
888b2c8e43fffff,33,2022-09-15,2024-06-02
888b2c80d7fffff,33,2022-11-14,2024-05-27
888b2c82e9fffff,33,2022-09-25,2023-09-12
888b2c82b9fffff,32,2022-09-28,2024-05-16
888b2c828bfffff,31,2022-09-21,2024-05-11
888b2c82d5fffff,31,2022-09-14,2024-06-01
888b2c8563fffff,31,2022-11-18,2024-05-30
888b2c8019fffff,30,2022-09-18,2024-06-03
888b2c8f5bfffff,30,2022-10-29,2024-05-23
888b2c81adfffff,30,2022-11-16,2024-05-24
888b2cbb6dfffff,30,2023-10-07,2024-05-31
888b2c98b3fffff,29,2022-12-14,2024-03-08
88b32d9257fffff,29,2022-09-30,2024-02-22
888b2c8107fffff,29,2022-09-27,2024-05-31
888b2cd491fffff,28,2022-09-16,2024-02-17
888b2cd4d9fffff,28,2022-09-28,2024-05-27
888b2c8f53fffff,28,2022-10-08,2024-06-01
888b2c8e21fffff,28,2022-09-27,2024-05-30
888b2cd48dfffff,28,2023-03-11,2024-05-31
888b2c91d5fffff,27,2022-09-27,2023-08-29
888b2c82d1fffff,27,2022-09-14,2024-06-01
888b2c80a3fffff,27,2022-09-18,2024-05-23
888b2cd49dfffff,26,2022-09-29,2024-05-13
888b2c8083fffff,26,2022-10-21,2024-05-24
888b2c8561fffff,26,2022-11-24,2024-05-26
888b2c98edfffff,26,2023-03-07,2024-05-31
888b2c80c5fffff,26,2022-10-10,2024-02-24
88b32d9021fffff,25,2022-11-17,2024-06-01
888b2c8095fffff,25,2022-09-17,2024-03-02
888b2cd315fffff,25,2022-10-22,2024-05-29
888b2c80abfffff,25,2022-09-25,2024-05-25
888b2c9827fffff,25,2022-10-29,2024-05-20
888b2c809dfffff,25,2022-09-28,2024-05-24
888b2c8b45fffff,25,2022-09-20,2024-06-02
888b2c82ddfffff,25,2022-10-09,2024-05-12
888b2c9527fffff,25,2022-11-14,2024-06-01
888b2c9535fffff,25,2022-09-29,2024-05-11
888b2c99cbfffff,24,2022-10-02,2024-05-26
888b2c98bbfffff,24,2022-11-25,2024-06-03
888b2c8a25fffff,24,2022-12-18,2024-05-22
888b2c8e01fffff,24,2022-11-25,2024-05-20
888b2c92b3fffff,24,2022-11-26,2024-05-21
888b2c8e47fffff,24,2022-09-16,2024-05-25
888b2cd68dfffff,23,2023-03-22,2024-05-24
888b2cd2adfffff,23,2022-10-26,2024-05-23
888b2c8b5dfffff,23,2022-10-19,2024-05-06
888b2c810dfffff,23,2022-10-09,2024-06-02
888b2c8f19fffff,23,2022-10-15,2024-05-08
888b2cd431fffff,23,2022-09-24,2024-05-26
888b2c8087fffff,23,2022-09-23,2024-05-13
888b2c9a25fffff,23,2022-09-17,2023-11-10
888b2c99edfffff,22,2022-09-18,2024-02-22
888b2c8101fffff,22,2022-11-30,2024-05-25
888b2c811dfffff,22,2022-10-08,2024-05-31
888b2c8147fffff,22,2022-11-04,2024-05-25
888b2c916bfffff,22,2022-10-04,2024-05-31
888b2c8283fffff,21,2022-10-03,2024-05-25
888b2c8193fffff,21,2022-09-28,2024-06-03
888b2cd33bfffff,21,2023-01-25,2024-02-22
888b2cd453fffff,21,2023-02-03,2024-05-26
888b2c991dfffff,21,2022-12-15,2024-05-26
888b2c8191fffff,21,2022-10-26,2024-02-14
888b2c9897fffff,20,2022-09-27,2024-05-18
888b2c988bfffff,20,2022-09-22,2024-05-19
888b2c88cbfffff,20,2022-10-13,2024-05-25
888b2c812dfffff,20,2022-11-10,2024-05-22
888b2c8001fffff,20,2022-11-15,2024-05-23
888b2c80c1fffff,20,2022-12-11,2024-05-29
888b2cd435fffff,19,2022-09-19,2024-03-02
888b2c819dfffff,19,2022-09-27,2024-05-17
888b2c98d3fffff,19,2022-11-30,2024-02-12
88b32d9363fffff,19,2022-10-02,2024-05-27
888b2c8b01fffff,19,2022-10-15,2024-06-01
888b2c8b65fffff,19,2022-10-18,2024-06-02
88b32d9365fffff,19,2023-06-03,2024-05-27
888b2c810bfffff,19,2022-12-03,2024-05-19
888b2cd43bfffff,19,2022-12-01,2024-05-17
888b2cd417fffff,19,2022-09-16,2024-05-20
888b2cd5d9fffff,19,2022-09-21,2023-10-24
88b32d964dfffff,19,2023-09-23,2024-05-08
888b2c881dfffff,19,2022-11-26,2024-05-09
888b2c8091fffff,18,2022-11-27,2024-06-01
888b2c8199fffff,18,2022-09-14,2024-05-22
888b2c98ddfffff,18,2022-09-19,2024-05-31
888b21a4c3fffff,18,2022-11-07,2024-06-02
888b2c9917fffff,18,2022-10-06,2024-01-29
888b2cd6e3fffff,18,2022-11-22,2024-05-30
888b2c8013fffff,18,2022-09-29,2024-05-28
888b2cc017fffff,17,2022-09-29,2024-05-14
888b2cd6b5fffff,17,2023-05-05,2024-05-19
888b2c9837fffff,17,2022-10-26,2024-05-31
888b2cd4e3fffff,17,2022-09-20,2024-05-27
888b2c8293fffff,17,2022-12-02,2024-05-20
888b2c8ee5fffff,17,2023-09-23,2024-05-14
888b2cd6b9fffff,17,2022-12-17,2024-06-02
888b2c880bfffff,17,2022-10-04,2024-02-15
888b2cd045fffff,16,2022-09-20,2024-02-29
888b2c80bdfffff,16,2022-09-16,2024-03-08
888b2c9823fffff,16,2022-12-12,2024-03-07
888b2c874dfffff,16,2022-10-21,2024-05-06
888b2c829bfffff,16,2022-10-11,2023-10-23
888b2c90d9fffff,16,2022-10-19,2024-03-04
888b2c8e15fffff,16,2022-12-08,2024-02-13
888b2c8b37fffff,16,2022-11-30,2024-05-14
888b2cd653fffff,16,2022-09-19,2024-05-26
888b2c8e3bfffff,15,2022-09-30,2024-02-28
888b2c8725fffff,15,2022-09-22,2024-02-09
888b2c81b7fffff,15,2023-01-31,2024-06-01
888b2c8141fffff,15,2023-01-15,2024-02-09
888b2c803dfffff,15,2023-05-29,2024-02-18
888b2c833dfffff,14,2022-12-29,2024-05-12
888b2c8f0bfffff,14,2022-11-21,2024-05-11
888b2c95b7fffff,14,2022-10-10,2024-02-26
888b2c8b69fffff,14,2023-02-09,2024-05-29
888b2c8e2bfffff,14,2023-01-12,2024-03-08
888b2c82cbfffff,14,2022-11-04,2024-06-01
888b2cd5c1fffff,14,2022-10-02,2024-05-11
888b2c81b3fffff,14,2022-12-05,2024-05-11
888b2c82bbfffff,14,2023-02-21,2024-02-24
888b2cd407fffff,14,2022-09-27,2024-05-14
888b2c8e57fffff,14,2023-01-11,2023-11-30
88b32dd631fffff,14,2023-05-02,2024-05-26
888b2cd483fffff,14,2022-09-27,2024-05-14
888b2cd51dfffff,13,2023-01-04,2024-05-25
88b32d9367fffff,13,2022-11-03,2024-01-31
88b32d9295fffff,13,2023-04-14,2024-01-24
888b2cd313fffff,13,2023-01-17,2024-03-06
888b2c854dfffff,13,2023-01-14,2024-05-17
888b2c8e05fffff,13,2022-12-05,2024-03-02
888b2cd4c9fffff,13,2022-10-15,2024-05-26
888b2c8e6bfffff,13,2023-02-23,2024-05-19
888b2c8143fffff,12,2022-09-18,2024-05-25
888b2c8329fffff,12,2023-01-20,2024-05-15
888b2c8289fffff,12,2022-10-13,2024-05-17
888b2c9a21fffff,12,2022-10-01,2024-05-06
888b2c8081fffff,12,2022-11-06,2024-05-28
888b2c9899fffff,12,2022-12-24,2024-05-06
888b2c9813fffff,12,2023-03-14,2024-05-07
88b32d930dfffff,12,2022-11-12,2024-02-01
888b2c80d3fffff,12,2022-10-17,2024-06-01
888b2c82b7fffff,12,2023-03-04,2024-05-16
888b2c90d7fffff,12,2023-02-07,2024-03-06
888b2cd06dfffff,12,2023-01-05,2024-05-10
888b2c81c9fffff,12,2022-09-14,2024-02-27
88b32d9357fffff,12,2022-12-09,2024-03-01
88b32d906bfffff,12,2022-12-07,2024-05-05
88b32d9023fffff,11,2023-02-15,2024-02-26
888b2cd007fffff,11,2023-01-07,2024-05-21
888b2c832bfffff,11,2022-09-25,2024-05-26
88b32d922dfffff,11,2022-12-15,2024-05-16
888b2e9401fffff,11,2022-10-08,2024-05-14
888b2c8099fffff,11,2022-12-06,2024-01-21
888b2c991bfffff,11,2023-05-12,2024-02-10
888b2c9b39fffff,11,2022-11-26,2024-02-13
888b2c9949fffff,11,2022-11-28,2024-05-21
88b32dd441fffff,11,2022-09-17,2024-01-19
888b2c809bfffff,11,2023-01-20,2024-05-15
888b2c80dbfffff,11,2022-12-24,2024-02-22
888b2c990bfffff,11,2022-10-05,2024-05-15
888b2c9ac3fffff,11,2022-11-24,2024-01-29
888b2c8287fffff,11,2022-09-24,2024-03-08
888b2c8323fffff,11,2022-09-17,2024-05-27
888b2c9891fffff,11,2022-11-13,2024-05-11
888b2c8e29fffff,11,2022-10-27,2024-05-19
888b2c8543fffff,11,2022-09-25,2024-05-31
888b2c8e39fffff,11,2022-10-16,2023-10-17
888b2cd6a3fffff,11,2022-10-07,2024-01-04
888b2c9b27fffff,10,2022-12-26,2024-03-03
888b2c8b6dfffff,10,2022-10-28,2024-03-07
88b32d828dfffff,10,2023-09-17,2024-05-15
888b2c9943fffff,10,2022-10-19,2024-01-22
888b2c80b7fffff,10,2022-10-15,2024-02-25
888b2c8eedfffff,10,2022-09-29,2024-05-09
88b32d9201fffff,10,2023-05-12,2024-03-06
888b2cd223fffff,10,2022-11-11,2023-09-25
888b2c95e5fffff,10,2023-11-26,2024-05-23
888b2cd683fffff,10,2023-01-06,2024-05-11
888b2cd5ddfffff,10,2022-11-15,2024-05-21
888b2c8e2dfffff,10,2023-07-03,2024-02-13
888b2c82d7fffff,10,2023-01-23,2024-05-08
888b21a4d9fffff,9,2023-10-02,2024-01-18
888b2c9523fffff,9,2022-11-04,2024-02-26
888b2c981bfffff,9,2022-09-27,2024-02-17
888b2c9ab5fffff,9,2022-10-02,2023-09-22
888b2cd481fffff,9,2022-09-30,2024-02-16
888b2c8f59fffff,9,2023-04-22,2024-05-25
888b2c8e0dfffff,9,2023-04-21,2024-03-07
88b32d9209fffff,9,2023-08-01,2024-05-15
88b32d9153fffff,9,2023-04-08,2024-05-21
888b2c9aa7fffff,9,2022-10-02,2024-05-17
888b2c8747fffff,9,2023-07-07,2024-02-25
888b2c8f3bfffff,9,2022-10-08,2024-01-28
888b2c802bfffff,9,2023-01-03,2024-06-02
888b2c82c7fffff,9,2022-12-27,2024-01-28
888b2cd693fffff,9,2022-12-09,2024-01-31
888b2c8b5bfffff,8,2022-11-02,2024-05-15
88b32d9205fffff,8,2022-11-15,2024-05-31
888b2c8109fffff,8,2022-11-27,2024-05-31
888b2c8721fffff,8,2023-02-12,2024-01-29
888b2c8569fffff,8,2023-08-03,2024-05-10
888b2c8e25fffff,8,2023-01-26,2024-05-09
888b2c8307fffff,8,2023-05-17,2024-02-28
888b2cd51bfffff,8,2022-12-07,2024-05-21
88b32d928bfffff,8,2022-09-21,2024-01-22
888b2c8027fffff,8,2023-03-21,2024-02-27
888b2cd057fffff,8,2022-10-09,2024-02-25
888b2c9b17fffff,8,2022-11-13,2024-05-27
888b2cd415fffff,8,2022-09-17,2024-06-01
888b2c833bfffff,8,2022-12-03,2024-02-23
888b2c9b29fffff,8,2022-10-02,2024-05-12
888b2cd335fffff,8,2023-10-11,2024-05-22
88b32dd409fffff,8,2023-10-13,2024-05-24
888b2c9b07fffff,8,2022-09-17,2024-06-02
888b2cd651fffff,8,2022-11-10,2024-02-28
888b2c88d1fffff,8,2023-01-11,2024-02-28
888b2c876dfffff,7,2022-12-26,2024-03-01
888b2cd005fffff,7,2023-01-06,2024-03-02
88b321d64bfffff,7,2024-05-10,2024-06-01
88b321d655fffff,7,2024-05-07,2024-06-03
888b2cd06bfffff,7,2022-10-01,2024-05-25
888b2c8865fffff,7,2023-04-20,2024-05-21
888b2c8e45fffff,7,2022-09-28,2024-03-06
888b2c82b5fffff,7,2022-12-06,2024-05-10
888b2c82a7fffff,7,2023-04-22,2024-02-10
888b2c8025fffff,7,2022-11-13,2024-03-03
888b2c816bfffff,7,2022-09-30,2024-05-19
88b32d91c9fffff,7,2023-07-28,2024-05-29
888b2cd069fffff,7,2023-01-31,2023-09-06
888b21a6c3fffff,7,2023-12-24,2024-06-01
888b2c9935fffff,7,2022-12-27,2024-02-19
888b2c8f29fffff,7,2022-12-01,2024-01-21
888b2c98d1fffff,7,2022-10-15,2024-05-25
888b2cd339fffff,7,2023-03-25,2024-05-30
88b32dd63bfffff,7,2022-12-01,2024-03-06
888b2c8e0bfffff,7,2023-01-05,2024-06-02
888b221a69fffff,7,2024-05-06,2024-06-03
888b2c8331fffff,7,2022-11-04,2024-05-31
888b2cd6bbfffff,7,2022-10-07,2024-05-25
888b2c815dfffff,7,2023-04-07,2024-01-15
888b2c8021fffff,7,2023-01-12,2024-05-31
888b2cd02dfffff,6,2023-05-06,2023-10-25
888b2cd6bdfffff,6,2022-09-28,2023-11-29
88b32d9767fffff,6,2022-12-28,2024-02-25
888b2c8119fffff,6,2022-12-20,2024-06-03
888b2c896bfffff,6,2022-10-27,2024-02-16
88b32d9255fffff,6,2022-12-09,2024-02-25
888b2c856bfffff,6,2023-01-15,2024-01-25
888b2cd253fffff,6,2023-03-10,2024-01-14
88b321d653fffff,6,2024-05-08,2024-05-29
888b2cd4e5fffff,6,2023-05-08,2024-02-26
888b2c80b1fffff,6,2023-06-01,2024-05-26
888b2c814bfffff,6,2022-10-15,2024-01-22
888b2c8285fffff,6,2022-10-15,2023-02-27
888b2cd439fffff,6,2022-12-28,2023-12-26
888b2cd01dfffff,6,2023-01-23,2024-03-02
888b2c9895fffff,6,2023-04-05,2024-03-02
888b2c91cdfffff,6,2023-05-26,2024-05-11
888b2c8f67fffff,6,2022-12-28,2023-12-12
888b2c872dfffff,6,2022-09-18,2024-01-18
888b2c894bfffff,6,2023-06-05,2024-06-01
888b2c8281fffff,6,2022-11-17,2024-01-27
888b2c80c9fffff,6,2023-05-01,2024-05-28
88b32d9253fffff,6,2022-10-08,2024-05-23
888b2cd053fffff,6,2022-10-26,2024-05-09
88b32d92b9fffff,6,2023-01-01,2023-08-07
888b2c8317fffff,6,2023-01-05,2023-10-14
88b32d9309fffff,6,2023-07-07,2024-01-21
888b2e940bfffff,5,2022-12-20,2023-11-02
888b2c9113fffff,5,2022-11-03,2024-01-25
888b2c9b05fffff,5,2022-10-06,2024-01-17
88b32d9299fffff,5,2023-10-07,2024-03-07
888b2c8743fffff,5,2023-04-06,2024-01-25
888b2c8333fffff,5,2023-05-10,2024-02-25
888b2c8769fffff,5,2023-06-05,2024-03-05
888b2c8549fffff,5,2022-11-13,2024-05-31
888b2c811bfffff,5,2022-10-13,2024-05-21
888b2cd047fffff,5,2023-06-23,2023-11-08
888b2cd40bfffff,5,2022-10-17,2023-11-06
888b2c8213fffff,5,2023-03-15,2024-01-31
88b32dd009fffff,5,2023-11-01,2024-05-19
888b2c8767fffff,5,2022-10-15,2023-12-09
888b2c828dfffff,5,2023-03-01,2024-02-11
888b2cc0e9fffff,5,2023-04-17,2024-02-28
888b2c91e7fffff,5,2022-09-16,2023-07-15
888b2e91a9fffff,5,2023-01-04,2024-05-12
88b32c74b9fffff,5,2024-05-09,2024-05-22
888b2cd529fffff,5,2023-10-03,2024-05-21
888b2c8303fffff,5,2024-01-19,2024-05-16
888b2c9537fffff,5,2023-04-28,2023-12-25
888b2c8541fffff,5,2022-11-12,2024-05-15
888b2c8505fffff,5,2023-04-08,2023-12-09
888b2c80cdfffff,5,2023-02-07,2024-05-25
888b2c9b37fffff,5,2022-10-11,2024-05-17
888b2c8815fffff,5,2022-11-01,2024-02-20
888b2c830bfffff,5,2023-06-30,2024-05-25
888b2cd6b1fffff,5,2023-08-13,2024-06-03
888b2cd00bfffff,5,2023-02-10,2024-02-29
888b2c8023fffff,5,2023-03-07,2024-02-19
888b2c88c1fffff,5,2022-10-09,2024-02-20
888b2cd28bfffff,5,2023-04-16,2024-05-17
888b2cd23dfffff,4,2023-11-17,2024-03-08
888b2c8761fffff,4,2023-12-02,2024-01-15
888b2cd311fffff,4,2022-12-31,2023-12-11
888b2c8801fffff,4,2022-11-11,2023-10-20
888b2c8e03fffff,4,2023-05-16,2024-05-26
888b2c9ab7fffff,4,2023-05-19,2024-02-20
888b2c84edfffff,4,2023-09-21,2024-05-23
888b2c8093fffff,4,2023-01-01,2024-01-20
888b2c98d7fffff,4,2022-10-15,2024-03-08
888b2c8295fffff,4,2022-11-13,2023-09-30
888b2cd061fffff,4,2023-07-13,2024-02-14
888b2c995dfffff,4,2023-02-14,2023-11-18
888b2c8763fffff,4,2023-08-13,2024-01-24
888b2c80b9fffff,4,2022-12-23,2023-03-29
888b2c9b33fffff,4,2023-01-03,2023-12-11
888b2c9765fffff,4,2023-01-16,2023-05-13
888b2c9835fffff,4,2023-02-11,2023-12-16
888b2cd357fffff,4,2023-12-20,2024-05-25
888b2c806dfffff,4,2022-12-18,2023-05-11
888b2cd281fffff,4,2023-05-21,2024-02-10
88b32c6655fffff,4,2024-05-25,2024-05-31
888b2cd411fffff,4,2023-09-27,2024-06-01
88b32d9353fffff,4,2023-03-10,2024-02-20
888b2c8765fffff,4,2022-12-07,2023-05-20
888b2c8727fffff,4,2022-12-30,2024-05-13
888b2c90dbfffff,4,2022-11-28,2023-05-02
888b2cd511fffff,4,2023-08-27,2024-02-01
888b2c9a33fffff,4,2023-01-12,2023-07-28
888b2cd43dfffff,4,2022-10-03,2024-02-17
888b2c8297fffff,4,2023-03-17,2024-01-29
88b32c7483fffff,4,2024-05-13,2024-05-26
88b32d9019fffff,4,2023-10-06,2023-11-01
88b32dd547fffff,4,2023-10-13,2024-05-22
888b2c98d9fffff,4,2024-02-15,2024-03-05
888b2c95abfffff,4,2022-09-14,2023-08-06
88b32dd0dbfffff,4,2023-09-24,2024-05-18
888b2c8565fffff,4,2023-02-12,2023-11-26
888b2c853bfffff,4,2023-12-26,2024-03-06
888b21a6d3fffff,4,2022-11-05,2024-03-03
888b2c89c9fffff,4,2023-01-28,2024-01-15
888b2c8e55fffff,4,2022-12-01,2023-12-04
888b2cd687fffff,4,2022-09-29,2024-01-24
88b32d92c9fffff,4,2022-09-30,2024-02-02
888b2c99e5fffff,4,2022-11-30,2024-05-13
888b2c8867fffff,4,2022-10-13,2022-12-09
88b32d920dfffff,4,2023-10-05,2024-05-22
888b2c8b49fffff,4,2023-03-31,2023-11-07
88b321d643fffff,4,2024-05-07,2024-06-02
888b2ed22dfffff,4,2023-11-16,2024-05-15
888b2cd6e7fffff,4,2023-03-05,2024-01-28
888b2c8811fffff,4,2022-11-01,2024-01-13
888b2c92bdfffff,3,2023-04-13,2023-08-23
888b2c99e7fffff,3,2023-02-03,2024-02-21
88b32d91c1fffff,3,2023-11-13,2023-12-26
888b2cd04dfffff,3,2023-04-01,2024-05-27
888b21a4ddfffff,3,2023-07-12,2024-03-08
888b2c8e95fffff,3,2023-05-09,2023-09-15
88b32d920bfffff,3,2023-06-07,2023-09-07
888b2cd2a9fffff,3,2023-03-22,2023-05-15
88b32d92d3fffff,3,2023-01-11,2023-12-29
888b2cd689fffff,3,2023-11-06,2024-02-24
888b2cd6a5fffff,3,2023-04-30,2023-07-17
888b2cd227fffff,3,2023-11-29,2024-01-19
888b2c8745fffff,3,2022-10-28,2022-12-17
888b2cd401fffff,3,2023-03-12,2023-08-27
888b2c91e9fffff,3,2022-12-18,2023-08-12
88b32dd44bfffff,3,2022-09-28,2024-06-01
888b2c815bfffff,3,2023-03-02,2023-08-01
888b2c9833fffff,3,2023-03-12,2024-02-22
88b32d9291fffff,3,2023-09-15,2024-05-10
888b2c9a2bfffff,3,2023-10-04,2024-05-23
888b2cd883fffff,3,2023-01-29,2024-02-01
888b2c8e83fffff,3,2023-05-26,2023-12-16
888b2c9959fffff,3,2022-11-11,2023-11-02
888b218199fffff,3,2023-01-27,2024-01-25
888b2cc0ebfffff,3,2023-12-23,2024-02-13
888b2c8735fffff,3,2023-03-26,2024-02-27
888b2cd42bfffff,3,2022-09-30,2024-03-08
888b2c8367fffff,3,2023-10-19,2023-12-22
888b2c91edfffff,3,2022-10-19,2023-12-25
88b32dd607fffff,3,2023-04-29,2023-11-21
888b211ae9fffff,3,2023-10-23,2023-12-23
888b25886bfffff,3,2024-05-13,2024-05-31
888b2c80b3fffff,3,2024-01-09,2024-01-31
888b2cc509fffff,3,2023-05-30,2023-08-08
888b2c9133fffff,3,2023-03-12,2024-05-19
88b32d9229fffff,3,2023-04-12,2024-03-07
888b2c8883fffff,3,2023-05-27,2024-02-23
888b2cd613fffff,3,2023-03-24,2023-05-23
888b2c8053fffff,3,2023-12-13,2023-12-23
88b321d651fffff,3,2024-05-18,2024-05-25
888b2c9567fffff,3,2022-10-20,2023-06-06
888b2c8e5bfffff,3,2023-05-31,2024-02-27
888b2c9115fffff,3,2024-01-03,2024-06-02
888b2c993bfffff,3,2022-11-08,2024-03-05
888b2cd5dbfffff,3,2023-08-25,2024-01-05
888b2cd495fffff,3,2022-09-16,2023-04-21
888b2c8003fffff,3,2022-11-15,2023-06-20
888b2c88c3fffff,3,2023-06-17,2023-12-26
888b221a1dfffff,3,2024-05-18,2024-05-30
888b23b8d3fffff,3,2022-12-13,2023-02-22
888b2cd285fffff,3,2023-01-02,2024-01-09
888b2c8f33fffff,3,2023-11-18,2023-12-10
888b2c894dfffff,3,2023-01-18,2024-05-18
888b21a4cbfffff,3,2023-04-08,2024-02-13
888b2cd487fffff,3,2023-02-27,2023-09-25
888b2c9817fffff,3,2022-10-12,2023-10-31
888b2cd251fffff,3,2023-07-17,2024-05-24
888b2cd149fffff,3,2023-11-11,2024-05-08
88b32dd633fffff,3,2023-08-02,2023-12-19
88b32d9151fffff,3,2023-01-23,2024-05-11
888b2c9865fffff,3,2023-01-12,2024-01-11
888b221a19fffff,3,2024-05-09,2024-05-31
888b2c9915fffff,3,2023-01-08,2024-02-21
888b2c9569fffff,3,2022-11-30,2023-01-16
88b32dd639fffff,3,2023-09-21,2024-02-16
888b2c9b3bfffff,3,2022-11-10,2024-02-22
888b2cd2c9fffff,3,2023-05-28,2024-02-10
888b2c8a27fffff,3,2023-09-17,2024-01-07
888b2c9b47fffff,3,2022-10-05,2024-01-15
888b2c543dfffff,3,2023-06-13,2024-03-05
888b2e9855fffff,3,2023-02-02,2024-02-12
888b2c9a85fffff,3,2022-10-20,2023-08-16
888b2c912bfffff,3,2023-12-26,2024-05-19
888b2c8309fffff,3,2023-09-24,2024-05-29
888b2c8157fffff,3,2023-08-26,2024-01-31
888b221a03fffff,3,2024-05-15,2024-05-20
888b2c8313fffff,3,2022-12-03,2024-05-11
888b2cd039fffff,3,2022-11-17,2024-02-27
888b2c8f05fffff,3,2022-12-17,2023-03-12
888b2c8e5dfffff,3,2023-05-07,2023-12-02
88b32d9217fffff,3,2022-12-21,2023-03-05
888b2cd2b7fffff,3,2023-11-28,2024-05-24
888b2c875dfffff,3,2023-09-30,2024-02-10
888b2cd6a9fffff,3,2023-10-14,2024-01-12
888b2cc061fffff,3,2023-09-30,2024-01-13
888b2cc567fffff,3,2023-12-07,2024-05-23
888b2c90d3fffff,3,2023-07-08,2024-05-13
888b23a61dfffff,3,2023-06-23,2023-09-01
888b2cc0e3fffff,3,2024-01-13,2024-01-23
888b2c931dfffff,3,2023-10-04,2023-11-24
88b32d92cdfffff,3,2023-10-26,2024-05-22
888b2c876bfffff,3,2023-09-08,2024-02-12
888b2c9b19fffff,3,2023-12-06,2023-12-17
888b2c8b4bfffff,3,2022-11-04,2024-02-10
888b2cd05bfffff,3,2023-11-02,2023-11-30
888b2cce4bfffff,3,2023-10-06,2024-02-19
88b3714759fffff,3,2024-05-11,2024-05-29
888b2ccec1fffff,2,2023-09-19,2023-09-25
888b2cd41dfffff,2,2022-11-18,2023-11-06
888b2c8335fffff,2,2023-03-19,2023-09-19
88b32d9009fffff,2,2022-12-10,2023-07-13
888b2c8f11fffff,2,2023-09-10,2024-02-17
888b2cd519fffff,2,2023-09-28,2023-10-01
88b32dd451fffff,2,2024-02-27,2024-02-28
88b3764acdfffff,2,2024-05-07,2024-05-22
888b2cb547fffff,2,2024-01-16,2024-02-21
888b2e9843fffff,2,2023-02-18,2023-02-20
888b2cd5cdfffff,2,2023-04-13,2023-11-09
888b2c92a1fffff,2,2023-06-10,2023-12-16
888b2c84c7fffff,2,2023-10-07,2023-12-02
888b211033fffff,2,2023-09-08,2023-12-09
888b2c504bfffff,2,2023-03-19,2023-04-06
888b2c85e7fffff,2,2023-02-01,2024-05-10
888b2c99a3fffff,2,2023-05-16,2023-06-24
888b2cd697fffff,2,2023-07-15,2023-12-25
888b21a6d7fffff,2,2023-01-14,2023-10-08
888b21c41dfffff,2,2024-02-24,2024-03-06
88b32dd465fffff,2,2024-03-04,2024-03-07
888b2c82bdfffff,2,2023-07-06,2023-11-30
888b2cc007fffff,2,2023-09-29,2024-02-23
888b2c8f35fffff,2,2023-06-26,2023-08-21
888b2c9117fffff,2,2023-10-06,2023-10-11
888b2cd52bfffff,2,2022-10-02,2024-02-12
88b321d46bfffff,2,2024-05-10,2024-05-25
888b2cd403fffff,2,2022-09-16,2022-10-30
888b218191fffff,2,2023-02-21,2023-05-12
88b32d976dfffff,2,2022-10-05,2022-10-07
888b2c9941fffff,2,2023-05-29,2023-10-28
88b32dca11fffff,2,2023-06-26,2023-07-15
88b32d92d5fffff,2,2023-12-25,2024-02-28
888b2c8e9dfffff,2,2023-09-29,2023-11-04
888b2c9addfffff,2,2022-11-15,2023-06-30
888b2c953dfffff,2,2022-11-09,2022-11-19
88b32c6643fffff,2,2024-05-19,2024-05-26
888b21819bfffff,2,2023-09-13,2024-02-15
888b2cd503fffff,2,2023-09-30,2024-01-14
88b32d90e5fffff,2,2023-01-04,2023-10-17
88b32d9149fffff,2,2023-04-27,2023-07-08
88b3213817fffff,2,2024-05-11,2024-05-26
888b2c9957fffff,2,2022-12-11,2024-03-04
888b2c9529fffff,2,2023-04-28,2023-05-22
888b2c919bfffff,2,2023-10-07,2024-01-02
888b2c8007fffff,2,2023-09-30,2023-12-29
888b2cd5d5fffff,2,2022-11-24,2023-08-20
888b2c8913fffff,2,2023-09-05,2023-09-27
888b2cd31bfffff,2,2023-08-22,2024-05-23
888b2c9acbfffff,2,2023-07-02,2024-02-01
888b2c9ae3fffff,2,2024-02-16,2024-05-18
888b2c8e51fffff,2,2024-01-28,2024-03-07
88b32d9035fffff,2,2024-01-09,2024-05-06
88b32d9661fffff,2,2023-11-25,2024-02-19
888b221a6bfffff,2,2024-05-17,2024-05-20
88b321d629fffff,2,2024-05-23,2024-05-24
888b2c852dfffff,2,2022-10-29,2024-02-17
888b221a51fffff,2,2024-05-10,2024-05-18
88b32d903bfffff,2,2023-11-20,2024-02-10
888b21a687fffff,2,2024-03-02,2024-03-08
88b32d9063fffff,2,2022-09-20,2024-02-23
888b2c829dfffff,2,2022-12-24,2023-12-11
88b32d9825fffff,2,2023-11-19,2024-02-14
888b2c9aa9fffff,2,2023-03-03,2024-01-31
888b2c8887fffff,2,2022-10-19,2023-09-26
88b32d9361fffff,2,2022-11-23,2024-02-13
888b256513fffff,2,2023-06-10,2023-12-29
88b32dd45bfffff,2,2023-12-15,2024-01-24
888b2c8985fffff,2,2023-01-12,2024-05-15
888b221a1bfffff,2,2024-05-12,2024-05-16
88b32d92c3fffff,2,2023-06-24,2023-07-04
888b2c8339fffff,2,2023-08-14,2024-02-12
888b2c82d3fffff,2,2024-02-16,2024-03-01
888b2c42c5fffff,2,2023-02-06,2023-12-28
888b2ec301fffff,2,2023-06-07,2023-06-09
88b32d9061fffff,2,2023-04-01,2023-10-03
888b2c92bbfffff,2,2023-05-02,2023-12-16
888b2c9867fffff,2,2023-02-18,2024-01-20
888b21a4d1fffff,2,2023-05-21,2024-03-08
888b2cd31dfffff,2,2022-12-07,2022-12-21
888b2cc213fffff,2,2023-01-01,2023-05-29
888b2cd329fffff,2,2023-08-11,2024-05-25
888b2102ebfffff,2,2022-10-03,2023-01-23
888b2c6b63fffff,2,2024-01-08,2024-01-09
888b2cd309fffff,2,2023-08-18,2023-11-17
888b2c9869fffff,2,2022-12-11,2023-11-11
888b2ccd19fffff,2,2023-09-20,2023-10-03
888b2cba65fffff,2,2023-04-16,2023-12-16
88b32d9693fffff,2,2024-01-18,2024-02-17
888b2eb749fffff,2,2023-11-20,2024-05-10
888b2c8567fffff,2,2024-01-01,2024-02-11
88b32cb849fffff,2,2023-06-14,2023-07-06
888b2c80bbfffff,2,2023-09-01,2024-06-01
888b221a13fffff,2,2024-05-22,2024-05-31
88b32d9047fffff,2,2023-10-30,2024-02-17
888b2eb949fffff,2,2024-05-20,2024-05-29
888b2c8d6bfffff,2,2023-12-28,2024-01-08
888b4281b9fffff,2,2024-05-30,2024-05-31
888b2c831dfffff,2,2022-09-17,2024-03-06
888b23b8d9fffff,2,2023-01-29,2023-12-12
888b2c5253fffff,2,2023-11-16,2023-12-14
888b2cd153fffff,2,2023-07-20,2023-10-04
888b2c8155fffff,2,2022-12-06,2023-12-26
88b32d90a9fffff,2,2023-09-27,2023-12-27
88b3256cadfffff,2,2024-05-14,2024-05-18
888b2cd815fffff,2,2023-09-29,2024-01-09
88b32c946bfffff,2,2023-04-24,2023-11-16
888b2c8f3dfffff,2,2023-09-10,2024-01-11
888b2cd00dfffff,2,2022-09-24,2024-02-10
88b32c74b7fffff,2,2024-05-17,2024-05-29
888b2c903dfffff,2,2023-04-20,2023-10-01
888b2565ebfffff,2,2022-12-26,2023-08-07
888b221a57fffff,2,2024-05-13,2024-06-03
888b2c9283fffff,2,2024-01-22,2024-01-24
888b2cd003fffff,2,2023-11-10,2024-02-08
888b2c88e1fffff,2,2023-05-12,2023-07-27
888b258861fffff,2,2024-05-29,2024-05-31
88b321d667fffff,2,2024-05-11,2024-05-13
888b2c8891fffff,2,2023-02-02,2023-07-10
888b2c86b5fffff,2,2023-10-10,2023-10-15
88b32d92c1fffff,2,2023-05-04,2023-09-25
888b2cd259fffff,2,2023-05-04,2023-06-25
888b2cc609fffff,2,2023-03-09,2023-04-16
888b2c9825fffff,2,2022-10-30,2023-05-21
888b2c91c1fffff,2,2023-03-31,2023-04-01
88b32d900dfffff,2,2022-09-20,2023-05-14
888b2cd695fffff,2,2023-10-22,2023-12-28
88b32d914bfffff,2,2023-07-29,2024-05-17
888b2cd2d3fffff,2,2023-04-22,2023-12-23
888b2cd2a5fffff,2,2023-02-26,2023-06-09
88b32d9287fffff,2,2023-11-03,2024-03-04
888b2c104bfffff,2,2022-12-22,2023-03-10
888b2c986dfffff,2,2022-12-11,2023-06-17
88b321d641fffff,2,2024-05-13,2024-06-03
88b32d904dfffff,2,2022-12-15,2024-02-14
888b2c8903fffff,2,2023-11-04,2023-12-22
88b32d91cdfffff,2,2022-09-30,2023-09-28
88b32dd63dfffff,2,2023-10-02,2023-12-21
888b2c91c7fffff,2,2023-06-12,2023-07-28
888b2c1305fffff,2,2023-09-13,2023-10-01
888b221815fffff,2,2024-05-11,2024-05-23
888b2c99a7fffff,2,2022-12-12,2023-01-09
888b2cd1b5fffff,2,2023-01-08,2023-12-06
888b2cc219fffff,2,2022-10-17,2024-02-27
88b321d657fffff,2,2024-05-22,2024-05-31
88b321d65bfffff,2,2024-05-12,2024-05-13
88b32d9331fffff,2,2023-11-29,2024-01-14
888b2c1259fffff,2,2023-08-19,2023-11-02
88b32d9025fffff,2,2023-12-17,2024-01-04
888b2c9ab9fffff,2,2023-10-21,2023-10-22
888b21ac9bfffff,2,2022-12-25,2022-12-30
888b2e9095fffff,2,2023-11-03,2023-11-06
888b2c9587fffff,2,2023-04-01,2023-12-12
888b2c8e4bfffff,2,2024-05-21,2024-05-23
888b2cc1dbfffff,2,2022-12-12,2023-01-07
888b2c9861fffff,1,2022-09-14,2022-09-14
888b2cc0b5fffff,1,2024-05-11,2024-05-11
888b2c95a7fffff,1,2022-09-25,2022-09-25
888b22c439fffff,1,2024-05-06,2024-05-06
888b2c8759fffff,1,2024-05-11,2024-05-11
888b2ccc2dfffff,1,2023-08-16,2023-08-16
888b2cc317fffff,1,2023-04-16,2023-04-16
888b2cc6c5fffff,1,2023-09-10,2023-09-10
888b2c8f25fffff,1,2023-12-20,2023-12-20
888b2eb73dfffff,1,2022-10-31,2022-10-31
888b2180a5fffff,1,2023-04-19,2023-04-19
888b2cc517fffff,1,2024-01-06,2024-01-06
88b32199ebfffff,1,2024-05-13,2024-05-13
888b22136dfffff,1,2024-05-28,2024-05-28
88b32dd449fffff,1,2023-06-10,2023-06-10
888b2c8945fffff,1,2022-09-24,2022-09-24
88b32109d1fffff,1,2024-05-08,2024-05-08
888b2cd507fffff,1,2023-07-03,2023-07-03
888b2c95a1fffff,1,2024-01-13,2024-01-13
888b25880dfffff,1,2024-05-20,2024-05-20
888b238ca1fffff,1,2022-09-20,2022-09-20
88b32d8115fffff,1,2023-04-03,2023-04-03
888b2cd353fffff,1,2023-04-23,2023-04-23
888b2cd2d7fffff,1,2023-04-12,2023-04-12
888b2c89ddfffff,1,2023-07-30,2023-07-30
888b2cd2a7fffff,1,2023-07-17,2023-07-17
888b2c99a9fffff,1,2024-03-02,2024-03-02
888b2c8d5dfffff,1,2024-05-19,2024-05-19
888b21b533fffff,1,2024-02-29,2024-02-29
888b221a43fffff,1,2024-05-29,2024-05-29
88b32d8763fffff,1,2023-11-02,2023-11-02
88b32d9449fffff,1,2024-02-15,2024-02-15
88b32da287fffff,1,2024-03-06,2024-03-06
888b2c891dfffff,1,2023-07-28,2023-07-28
88b32d9b69fffff,1,2024-01-27,2024-01-27
888b2136b1fffff,1,2023-01-29,2023-01-29
888b2c91ebfffff,1,2024-06-02,2024-06-02
888b2c8e33fffff,1,2023-09-27,2023-09-27
88b32d92b1fffff,1,2023-09-13,2023-09-13
88b32d9313fffff,1,2022-12-15,2022-12-15
88b321d62dfffff,1,2024-05-06,2024-05-06
888b2c8e1bfffff,1,2023-06-08,2023-06-08
888b21a699fffff,1,2024-02-09,2024-02-09
888b2c8595fffff,1,2024-02-29,2024-02-29
888b22ce87fffff,1,2024-05-29,2024-05-29
88b32dd50dfffff,1,2024-06-02,2024-06-02
888b2ccf1dfffff,1,2023-12-07,2023-12-07
888b2cd839fffff,1,2023-04-11,2023-04-11
888b2c8741fffff,1,2023-08-08,2023-08-08
888b2cd09bfffff,1,2024-05-19,2024-05-19
88b32d9289fffff,1,2023-04-21,2023-04-21
888b2c8805fffff,1,2024-05-22,2024-05-22
888b2c8967fffff,1,2023-02-02,2023-02-02
888b2c98dbfffff,1,2023-01-26,2023-01-26
88b32c6609fffff,1,2024-05-23,2024-05-23
888b23a603fffff,1,2023-07-11,2023-07-11
88b32dd84bfffff,1,2023-02-22,2023-02-22
888b2208b7fffff,1,2024-05-25,2024-05-25
88b32c6659fffff,1,2024-05-22,2024-05-22
888b2cd233fffff,1,2023-11-21,2023-11-21
888b221a09fffff,1,2024-06-01,2024-06-01
88b3256db5fffff,1,2024-05-10,2024-05-10
888b2c8359fffff,1,2023-11-03,2023-11-03
888b2c8d3bfffff,1,2022-12-11,2022-12-11
888b2c9a3dfffff,1,2022-11-28,2022-11-28
88b32c74e7fffff,1,2024-05-22,2024-05-22
888b2c852bfffff,1,2023-02-14,2023-02-14
888b221a5dfffff,1,2024-05-13,2024-05-13
88b32d923bfffff,1,2024-05-11,2024-05-11
888b2c92b5fffff,1,2023-07-12,2023-07-12
888b2cc0edfffff,1,2023-11-13,2023-11-13
888b2c9a8dfffff,1,2022-11-12,2022-11-12
888b2cc307fffff,1,2024-03-06,2024-03-06
888b2c8069fffff,1,2024-01-20,2024-01-20
888b2cd067fffff,1,2023-11-27,2023-11-27
888b2cd451fffff,1,2023-01-10,2023-01-10
888b2c9689fffff,1,2024-02-21,2024-02-21
888b2ccc19fffff,1,2023-03-28,2023-03-28
88b32dd617fffff,1,2023-06-01,2023-06-01
888b23a313fffff,1,2023-08-16,2023-08-16
888b2cc23dfffff,1,2023-05-18,2023-05-18
888b2c9181fffff,1,2023-07-30,2023-07-30
888b2c89e9fffff,1,2023-04-29,2023-04-29
888b2cd2cdfffff,1,2023-12-02,2023-12-02
888b22c4bbfffff,1,2024-05-27,2024-05-27
888b2c8ee7fffff,1,2023-01-24,2023-01-24
888b221a55fffff,1,2024-06-01,2024-06-01
888b2cce17fffff,1,2022-11-15,2022-11-15
888b2130b9fffff,1,2024-01-15,2024-01-15
888b2cc603fffff,1,2023-12-26,2023-12-26
888b21a4c5fffff,1,2023-09-24,2023-09-24
888b2c4da3fffff,1,2023-12-12,2023-12-12
88b32d8005fffff,1,2022-10-14,2022-10-14
88b32d935dfffff,1,2023-09-19,2023-09-19
88b32d92a9fffff,1,2023-11-18,2023-11-18
888b2e91abfffff,1,2024-05-26,2024-05-26
88b32d9a3dfffff,1,2024-02-19,2024-02-19
88b32d9acbfffff,1,2024-03-02,2024-03-02
888b2c8429fffff,1,2023-04-15,2023-04-15
888b252de7fffff,1,2023-01-26,2023-01-26
888b2c9821fffff,1,2023-02-12,2023-02-12
888b2c9137fffff,1,2022-10-19,2022-10-19
888b2cd629fffff,1,2023-03-06,2023-03-06
888b2cd637fffff,1,2023-01-10,2023-01-10
888b2c9161fffff,1,2024-03-07,2024-03-07
888b2cc08dfffff,1,2023-11-17,2023-11-17
888b216ddbfffff,1,2023-07-21,2023-07-21
888b2cd41bfffff,1,2023-06-18,2023-06-18
888b22c593fffff,1,2024-05-23,2024-05-23
888b2ed35bfffff,1,2024-05-11,2024-05-11
888b2c135dfffff,1,2024-05-31,2024-05-31
888b2c8d49fffff,1,2023-02-20,2023-02-20
888b2c8c61fffff,1,2023-02-13,2023-02-13
88b32d8761fffff,1,2023-07-16,2023-07-16
888b2565c1fffff,1,2023-09-27,2023-09-27
888b2cd8c1fffff,1,2023-01-29,2023-01-29
888b2c1269fffff,1,2023-09-17,2023-09-17
888b2c9297fffff,1,2023-08-07,2023-08-07
888b2cd8c3fffff,1,2023-11-05,2023-11-05
888b2c88b1fffff,1,2023-07-28,2023-07-28
888b2c9ac5fffff,1,2023-03-30,2023-03-30
88b32d904bfffff,1,2023-09-22,2023-09-22
888b2cd6a1fffff,1,2022-10-05,2022-10-05
888b2c902dfffff,1,2023-08-18,2023-08-18
888b2ec347fffff,1,2024-05-26,2024-05-26
888b2c9b67fffff,1,2022-10-12,2022-10-12
888b2c9719fffff,1,2024-03-04,2024-03-04
888b2c8dcdfffff,1,2024-01-21,2024-01-21
88b32dd2e9fffff,1,2023-02-11,2023-02-11
888b2cd621fffff,1,2023-10-20,2023-10-20
888b2c9b45fffff,1,2023-05-09,2023-05-09
888b2cc09bfffff,1,2023-11-26,2023-11-26
888b2cd68bfffff,1,2023-07-15,2023-07-15
88b32dd2c5fffff,1,2024-02-24,2024-02-24
888b2cd5b1fffff,1,2024-02-14,2024-02-14
88b32d9761fffff,1,2023-01-21,2023-01-21
888b2c9811fffff,1,2023-11-03,2023-11-03
888b2c82abfffff,1,2022-10-04,2022-10-04
888b2c9a01fffff,1,2022-12-08,2022-12-08
88b32dcd1dfffff,1,2023-10-26,2023-10-26
888b2c95a5fffff,1,2023-05-07,2023-05-07
888b210621fffff,1,2024-01-05,2024-01-05
88b32dd65dfffff,1,2023-12-09,2023-12-09
888b221a3bfffff,1,2024-05-18,2024-05-18
888b2c8eebfffff,1,2023-04-16,2023-04-16
888b21a4c7fffff,1,2023-12-22,2023-12-22
888b2c9685fffff,1,2024-02-21,2024-02-21
888b2c830dfffff,1,2023-07-12,2023-07-12
888b22110dfffff,1,2024-05-19,2024-05-19
888b2cc565fffff,1,2024-05-24,2024-05-24
888b2c95adfffff,1,2023-04-24,2023-04-24
888b2cd347fffff,1,2023-08-24,2023-08-24
888b221a2dfffff,1,2024-05-20,2024-05-20
88b32d9267fffff,1,2023-09-08,2023-09-08
88b32d92cbfffff,1,2023-08-25,2023-08-25
888b2cd425fffff,1,2024-02-18,2024-02-18
888b2c966bfffff,1,2024-02-21,2024-02-21
888b2c88e9fffff,1,2024-01-13,2024-01-13
88b32d918dfffff,1,2024-01-25,2024-01-25
88b321d645fffff,1,2024-05-21,2024-05-21
88b32dd00bfffff,1,2023-12-17,2023-12-17
88b32d974dfffff,1,2022-11-24,2022-11-24
888b2cc525fffff,1,2023-04-30,2023-04-30
88b32c660dfffff,1,2024-05-12,2024-05-12
888b2891e5fffff,1,2023-10-24,2023-10-24
888b2c9aa1fffff,1,2024-02-28,2024-02-28
888b221a6dfffff,1,2024-05-25,2024-05-25
888b2c8889fffff,1,2024-03-04,2024-03-04
888b2cc627fffff,1,2024-02-28,2024-02-28
888b2c90a3fffff,1,2023-02-16,2023-02-16
888b2c1951fffff,1,2022-10-03,2022-10-03
888b2565cdfffff,1,2024-01-04,2024-01-04
888b2c9a89fffff,1,2023-06-18,2023-06-18
88b32d9059fffff,1,2023-05-29,2023-05-29
888b2c88edfffff,1,2024-02-14,2024-02-14
888b2cd45bfffff,1,2024-01-14,2024-01-14
888b21a695fffff,1,2024-01-25,2024-01-25
888b2c8755fffff,1,2024-02-10,2024-02-10
888b2cbb49fffff,1,2024-05-15,2024-05-15
88b32dd603fffff,1,2023-04-13,2023-04-13
888b2cb94dfffff,1,2023-11-05,2023-11-05
888b2c9123fffff,1,2024-05-12,2024-05-12
88b32d9769fffff,1,2024-01-02,2024-01-02
888b2cc005fffff,1,2023-09-28,2023-09-28
888b21a4e7fffff,1,2024-05-28,2024-05-28
888b2c92b9fffff,1,2023-09-02,2023-09-02
888b22c5bbfffff,1,2024-05-23,2024-05-23
88b32d964bfffff,1,2023-04-22,2023-04-22
888b2c5923fffff,1,2023-01-21,2023-01-21
888b221a49fffff,1,2024-05-06,2024-05-06
888b2c9b53fffff,1,2023-09-05,2023-09-05
88b32dc299fffff,1,2023-09-10,2023-09-10
888b2c8009fffff,1,2023-11-02,2023-11-02
88b321d663fffff,1,2024-05-10,2024-05-10
88b321d659fffff,1,2024-05-07,2024-05-07
888b2ed221fffff,1,2022-12-17,2022-12-17
888b221a59fffff,1,2024-05-13,2024-05-13
888b2cc211fffff,1,2022-10-11,2022-10-11
888b2c872bfffff,1,2024-05-06,2024-05-06
888b2c8055fffff,1,2023-11-02,2023-11-02
888b23a367fffff,1,2024-01-17,2024-01-17
888b25886dfffff,1,2024-05-09,2024-05-09
888b2cce1bfffff,1,2023-04-07,2023-04-07
888b2565c5fffff,1,2023-04-17,2023-04-17
888b21cd03fffff,1,2023-05-30,2023-05-30
888b2c982dfffff,1,2023-08-23,2023-08-23
88b32d8309fffff,1,2024-05-11,2024-05-11
888b2cbb69fffff,1,2023-09-28,2023-09-28
888b2c8d21fffff,1,2023-10-10,2023-10-10
888b2c5043fffff,1,2023-04-06,2023-04-06
888b2c108dfffff,1,2023-12-13,2023-12-13
88b32d9351fffff,1,2023-12-15,2023-12-15
888b216dd5fffff,1,2022-10-05,2022-10-05
888b2c913bfffff,1,2023-01-15,2023-01-15
88b32d996dfffff,1,2023-12-25,2023-12-25
888b2c8ed1fffff,1,2024-01-10,2024-01-10
88b32d92abfffff,1,2023-09-13,2023-09-13
888b22c4e7fffff,1,2024-05-18,2024-05-18
888b2c1211fffff,1,2024-01-09,2024-01-09
888b2c92b7fffff,1,2023-12-20,2023-12-20
888b2e994dfffff,1,2024-05-26,2024-05-26
88b32d90bbfffff,1,2023-12-26,2023-12-26
888b2cc255fffff,1,2022-10-27,2022-10-27
888b216cadfffff,1,2023-07-21,2023-07-21
888b2c8d43fffff,1,2024-02-08,2024-02-08
888b2c8589fffff,1,2024-03-07,2024-03-07
88b321d435fffff,1,2024-05-07,2024-05-07
888b221a21fffff,1,2024-05-06,2024-05-06
888b2cd303fffff,1,2023-02-03,2023-02-03
888b2cd803fffff,1,2023-12-02,2023-12-02
888b2c96d1fffff,1,2024-02-21,2024-02-21
88b3256cb1fffff,1,2024-05-24,2024-05-24
888b21a457fffff,1,2024-03-08,2024-03-08
888b23a297fffff,1,2023-01-21,2023-01-21
888b2c980dfffff,1,2023-09-13,2023-09-13
88b320c489fffff,1,2024-05-11,2024-05-11
88b32d955bfffff,1,2024-02-29,2024-02-29
888b2c8813fffff,1,2024-05-09,2024-05-09
88b32d92a3fffff,1,2022-10-18,2022-10-18
888b2cd03dfffff,1,2023-11-07,2023-11-07
888b2c49a9fffff,1,2023-04-10,2023-04-10
88b32d9251fffff,1,2024-01-13,2024-01-13
888b23a05bfffff,1,2023-08-16,2023-08-16
88b32c6619fffff,1,2024-05-07,2024-05-07
888b2c9a17fffff,1,2023-10-17,2023-10-17
888b2c836bfffff,1,2023-07-12,2023-07-12
888b2cd307fffff,1,2024-02-23,2024-02-23
888b2cd6abfffff,1,2024-03-08,2024-03-08
888b2c8e91fffff,1,2022-10-02,2022-10-02
88b32d9537fffff,1,2024-05-16,2024-05-16
888b2e91d3fffff,1,2023-01-06,2023-01-06
888b2c88b5fffff,1,2024-03-05,2024-03-05
88b32d9851fffff,1,2024-02-28,2024-02-28
88b321d65dfffff,1,2024-05-19,2024-05-19
888b21b6d7fffff,1,2024-02-29,2024-02-29
888b2e9a9bfffff,1,2024-05-19,2024-05-19
888b2169b5fffff,1,2023-03-20,2023-03-20
888b2c8e13fffff,1,2023-08-29,2023-08-29
888b2c802dfffff,1,2023-08-21,2023-08-21
888b2c882bfffff,1,2022-10-26,2022-10-26
888b2c994dfffff,1,2023-07-28,2023-07-28
888b2cd029fffff,1,2023-11-25,2023-11-25
888b2cd523fffff,1,2023-08-01,2023-08-01
888b2c0ae1fffff,1,2022-10-05,2022-10-05
88b32d915dfffff,1,2022-10-11,2022-10-11
888b2c95b1fffff,1,2022-09-14,2022-09-14
88b321d647fffff,1,2024-05-24,2024-05-24
888b221805fffff,1,2024-05-25,2024-05-25
888b2c9a07fffff,1,2023-06-18,2023-06-18
888b22c595fffff,1,2024-05-06,2024-05-06
88b321d607fffff,1,2024-05-19,2024-05-19
888b2c902bfffff,1,2023-05-16,2023-05-16
888b2c971bfffff,1,2023-07-10,2023-07-10
888b2c8063fffff,1,2024-05-18,2024-05-18
888b2eb6e7fffff,1,2024-05-22,2024-05-22
888b21a49dfffff,1,2024-03-08,2024-03-08
888b2cc241fffff,1,2023-10-09,2023-10-09
888b2e9637fffff,1,2023-02-04,2023-02-04
888b2c8583fffff,1,2023-11-23,2023-11-23
88b32dd609fffff,1,2022-12-03,2022-12-03
88b32da133fffff,1,2024-05-25,2024-05-25
888b2cbb43fffff,1,2023-07-08,2023-07-08
888b221a0bfffff,1,2024-05-28,2024-05-28
888b2c8803fffff,1,2024-03-01,2024-03-01
888b2ed357fffff,1,2023-01-31,2023-01-31
888b2c976dfffff,1,2023-02-21,2023-02-21
888b2cd203fffff,1,2023-04-15,2023-04-15
888b2cd567fffff,1,2023-10-08,2023-10-08
888b2c02d7fffff,1,2023-10-23,2023-10-23
888b2565c7fffff,1,2023-07-20,2023-07-20
888b2c125bfffff,1,2024-03-06,2024-03-06
88b32d9745fffff,1,2023-06-20,2023-06-20
88b32d8acdfffff,1,2023-03-26,2023-03-26
88b32dd443fffff,1,2022-11-27,2022-11-27
888b2c8c6dfffff,1,2024-01-26,2024-01-26
888b2c9507fffff,1,2023-07-04,2023-07-04
888b2c8917fffff,1,2023-06-12,2023-06-12
888b2c91c9fffff,1,2024-02-09,2024-02-09
888b2c9a97fffff,1,2023-06-20,2023-06-20
888b2ccc25fffff,1,2023-07-09,2023-07-09
88b32d9319fffff,1,2022-12-15,2022-12-15
88b32d9765fffff,1,2023-12-25,2023-12-25
88b32db219fffff,1,2022-12-16,2022-12-16
88b37155a7fffff,1,2024-05-11,2024-05-11
888b2cd61dfffff,1,2023-07-18,2023-07-18
888b2c9a35fffff,1,2024-05-19,2024-05-19
888b2c59cbfffff,1,2024-05-26,2024-05-26
888b2c0ecdfffff,1,2022-09-27,2022-09-27
888b2c8817fffff,1,2023-01-08,2023-01-08
888b2cc64bfffff,1,2023-11-26,2023-11-26
888b2e8721fffff,1,2024-05-17,2024-05-17
888b2c1337fffff,1,2022-11-22,2022-11-22
888b2c9b35fffff,1,2023-04-01,2023-04-01
888b2cd327fffff,1,2024-02-09,2024-02-09
888b2c850dfffff,1,2024-05-13,2024-05-13
888b2c8205fffff,1,2023-07-03,2023-07-03
88b32d931bfffff,1,2023-06-25,2023-06-25
888b2cc56dfffff,1,2024-01-27,2024-01-27
888b2c9107fffff,1,2023-10-03,2023-10-03
88b32d9007fffff,1,2024-02-20,2024-02-20
888b2ed00dfffff,1,2024-02-28,2024-02-28
88b32d92bdfffff,1,2022-11-16,2022-11-16
88b32c3219fffff,1,2023-05-12,2023-05-12
88b3219931fffff,1,2024-05-05,2024-05-05
888b2c9ad9fffff,1,2023-02-12,2023-02-12
888b2cd333fffff,1,2024-02-11,2024-02-11
88b3256d97fffff,1,2024-05-30,2024-05-30
888b2cda13fffff,1,2024-01-28,2024-01-28
888b2cd59dfffff,1,2022-10-07,2022-10-07
88b32d805dfffff,1,2024-02-28,2024-02-28
888b2c89b7fffff,1,2024-01-12,2024-01-12
888b2c9b2bfffff,1,2023-10-23,2023-10-23
888b2cce49fffff,1,2023-12-20,2023-12-20
888b2c8347fffff,1,2024-02-25,2024-02-25
888b2c8451fffff,1,2023-10-10,2023-10-10
888b2ec149fffff,1,2023-05-20,2023-05-20
888b2cd8d5fffff,1,2023-04-23,2023-04-23
88b32d930bfffff,1,2022-11-12,2022-11-12
88b32d833dfffff,1,2024-01-25,2024-01-25
88b32d9507fffff,1,2023-11-09,2023-11-09
888b2cb897fffff,1,2023-12-23,2023-12-23
888b2276a1fffff,1,2024-05-16,2024-05-16
888b2cd423fffff,1,2023-07-02,2023-07-02
88b32d96d5fffff,1,2023-10-05,2023-10-05
88b32d9305fffff,1,2023-08-22,2023-08-22
888b2c9233fffff,1,2023-06-14,2023-06-14
888b2c88d5fffff,1,2023-09-27,2023-09-27
888b2c88ebfffff,1,2023-07-27,2023-07-27
888b214a57fffff,1,2023-12-24,2023-12-24
888b2cd28dfffff,1,2023-04-25,2023-04-25
888b2c8999fffff,1,2023-10-21,2023-10-21
888b2c9027fffff,1,2024-01-22,2024-01-22
888b23a6dbfffff,1,2023-05-02,2023-05-02
888b22c5dbfffff,1,2024-05-20,2024-05-20
888b2cc50bfffff,1,2022-12-27,2022-12-27
888b256589fffff,1,2024-01-12,2024-01-12
88b32d9355fffff,1,2023-12-08,2023-12-08
888b2e9631fffff,1,2022-10-10,2022-10-10
888b2c8707fffff,1,2023-06-21,2023-06-21
888b2565e9fffff,1,2022-11-05,2022-11-05
888b2c8835fffff,1,2023-09-27,2023-09-27
888b2c1055fffff,1,2023-07-16,2023-07-16
888b2e9ad3fffff,1,2024-01-12,2024-01-12
888b2c1b23fffff,1,2022-10-07,2022-10-07
88b32d9689fffff,1,2022-12-01,2022-12-01
88b32dd6e1fffff,1,2023-11-20,2023-11-20
888b2c806bfffff,1,2023-01-13,2023-01-13
888b21b657fffff,1,2023-11-29,2023-11-29
888b2c91bdfffff,1,2023-09-09,2023-09-09
888b2c800dfffff,1,2022-12-24,2022-12-24
888b210623fffff,1,2024-01-05,2024-01-05
888b2ccc03fffff,1,2023-05-23,2023-05-23
888b2ed353fffff,1,2023-01-23,2023-01-23
888b21ae2dfffff,1,2023-09-05,2023-09-05
888b2c8e31fffff,1,2024-01-25,2024-01-25
888b2cd515fffff,1,2023-08-27,2023-08-27
888b2cc145fffff,1,2024-02-12,2024-02-12
888b2c82a3fffff,1,2023-03-01,2023-03-01
888b2c8357fffff,1,2023-10-08,2023-10-08
88b32dd2e5fffff,1,2023-12-17,2023-12-17
888b22c697fffff,1,2024-05-25,2024-05-25
88b32d9051fffff,1,2024-01-09,2024-01-09
888b22cc33fffff,1,2024-06-02,2024-06-02
888b2cd001fffff,1,2023-10-13,2023-10-13
888b2cc315fffff,1,2023-05-02,2023-05-02
888b23b8dbfffff,1,2024-01-13,2024-01-13
88b321d627fffff,1,2024-05-10,2024-05-10
888b221995fffff,1,2024-06-01,2024-06-01
888b2218ddfffff,1,2024-05-29,2024-05-29
888b2c9097fffff,1,2023-04-25,2023-04-25
88b3714751fffff,1,2024-05-19,2024-05-19
88b32d874dfffff,1,2023-07-05,2023-07-05
88b321d625fffff,1,2024-05-28,2024-05-28
88b32d8259fffff,1,2024-01-19,2024-01-19
888b221125fffff,1,2024-05-18,2024-05-18
88b321d6d9fffff,1,2024-05-30,2024-05-30
888b2c52a3fffff,1,2024-05-11,2024-05-11
888b221a27fffff,1,2024-05-07,2024-05-07
888b215147fffff,1,2023-05-18,2023-05-18
888b2c1249fffff,1,2024-05-25,2024-05-25
888b2c859dfffff,1,2023-10-10,2023-10-10
888b221a01fffff,1,2024-05-27,2024-05-27
888b216c85fffff,1,2023-11-20,2023-11-20
88b32d825bfffff,1,2023-10-02,2023-10-02
888b2cc665fffff,1,2022-12-04,2022-12-04
888b2cc049fffff,1,2024-05-27,2024-05-27
888b2cd45dfffff,1,2023-01-10,2023-01-10
888b2c49c7fffff,1,2023-11-18,2023-11-18
888b2cd641fffff,1,2023-04-20,2023-04-20
888b2c88ddfffff,1,2023-07-07,2023-07-07
88b32d9a31fffff,1,2024-05-15,2024-05-15
888b2ed359fffff,1,2023-02-02,2023-02-02
888b221a47fffff,1,2024-05-28,2024-05-28
888b2c8f1dfffff,1,2023-11-05,2023-11-05
888b2c856dfffff,1,2023-04-24,2023-04-24
888b21b50dfffff,1,2023-07-18,2023-07-18
888b221a0dfffff,1,2024-05-07,2024-05-07
88b32d8a03fffff,1,2023-11-03,2023-11-03
88b371462dfffff,1,2024-05-10,2024-05-10
88b32199e5fffff,1,2024-06-01,2024-06-01
888b2cd6e1fffff,1,2023-06-12,2023-06-12
888b2cc513fffff,1,2023-01-01,2023-01-01
888b21a415fffff,1,2022-12-15,2022-12-15
888b2c95cdfffff,1,2023-11-23,2023-11-23
88b32d966dfffff,1,2023-04-04,2023-04-04
888b22c4a1fffff,1,2024-05-21,2024-05-21
88b32d9195fffff,1,2024-05-26,2024-05-26
888b2e965bfffff,1,2023-11-19,2023-11-19
888b2e9809fffff,1,2022-11-04,2022-11-04
88b321d603fffff,1,2024-05-16,2024-05-16
888b221a4bfffff,1,2024-05-17,2024-05-17
888b213b21fffff,1,2024-01-27,2024-01-27
888b2c8909fffff,1,2023-09-11,2023-09-11
888b2cd159fffff,1,2023-09-19,2023-09-19
88b32d90cbfffff,1,2023-04-06,2023-04-06
88b371475bfffff,1,2024-05-18,2024-05-18
888b2cc6ebfffff,1,2023-11-08,2023-11-08
88b32d92d7fffff,1,2024-05-12,2024-05-12
888b2cd263fffff,1,2023-12-17,2023-12-17
888b221a15fffff,1,2024-05-26,2024-05-26
888b2cd589fffff,1,2023-05-08,2023-05-08
888b2c855dfffff,1,2023-07-29,2023-07-29
888b2cc227fffff,1,2023-12-23,2023-12-23
888b2ed26dfffff,1,2023-07-03,2023-07-03
88b374c909fffff,1,2024-05-21,2024-05-21
888b2c9101fffff,1,2023-08-21,2023-08-21
888b2c9a99fffff,1,2023-09-09,2023-09-09
888b2c8807fffff,1,2023-03-01,2023-03-01
888b2c995bfffff,1,2023-10-13,2023-10-13
88b32d9a87fffff,1,2023-05-21,2023-05-21
888b2c9801fffff,1,2023-01-23,2023-01-23
888b22c4b7fffff,1,2024-05-17,2024-05-17
888b2cc62dfffff,1,2023-12-05,2023-12-05
888b2c12e7fffff,1,2023-09-12,2023-09-12
888b2c90d1fffff,1,2023-11-22,2023-11-22
888b2c9901fffff,1,2022-11-30,2022-11-30
888b2cd30bfffff,1,2023-04-22,2023-04-22
88b32d91a9fffff,1,2023-09-20,2023-09-20
888b2cba2dfffff,1,2023-02-08,2023-02-08
888b2c8e27fffff,1,2023-10-17,2023-10-17
88b32c3953fffff,1,2024-05-23,2024-05-23
88b32dcd03fffff,1,2024-01-12,2024-01-12
88b321d619fffff,1,2024-05-21,2024-05-21
888b2cc6e9fffff,1,2022-10-06,2022-10-06
88b32d903dfffff,1,2024-01-13,2024-01-13
88b32d935bfffff,1,2023-02-19,2023-02-19
888b2c8885fffff,1,2024-01-15,2024-01-15
888b2e854dfffff,1,2023-04-04,2023-04-04
888b2c9423fffff,1,2023-06-20,2023-06-20
888b22133dfffff,1,2024-05-09,2024-05-09
888b2c883bfffff,1,2023-11-06,2023-11-06
88b321d463fffff,1,2024-05-25,2024-05-25
888b2cc0d7fffff,1,2023-12-28,2023-12-28
88b32d925dfffff,1,2024-01-13,2024-01-13
888b2cb303fffff,1,2023-02-24,2023-02-24
888b2c5059fffff,1,2023-11-16,2023-11-16
888b2eb4b3fffff,1,2022-12-20,2022-12-20
888b2cc647fffff,1,2023-09-29,2023-09-29
888b2c8029fffff,1,2023-07-31,2023-07-31
888b2c8153fffff,1,2023-04-18,2023-04-18
888b2c8723fffff,1,2024-01-14,2024-01-14
88b321c40dfffff,1,2024-06-02,2024-06-02
888b227445fffff,1,2024-05-15,2024-05-15
888b2cd92dfffff,1,2023-04-05,2023-04-05
888b30763dfffff,1,2024-05-30,2024-05-30
888b2c1253fffff,1,2023-05-06,2023-05-06
888b216a61fffff,1,2023-06-24,2023-06-24
888b2c8941fffff,1,2022-09-24,2022-09-24
88b3764ae9fffff,1,2024-05-24,2024-05-24
888b21ae9bfffff,1,2024-02-16,2024-02-16
888b2cd331fffff,1,2022-10-25,2022-10-25
88b32d9293fffff,1,2024-05-23,2024-05-23
888b213345fffff,1,2023-07-01,2023-07-01
88b32dd001fffff,1,2024-01-11,2024-01-11
