columna,lote,pct_no_nulo
date,lote_original,1.0
lat_orig,lote_original,1.0
lon_orig,lote_original,1.0
lat_dest,lote_original,1.0
lon_dest,lote_original,1.0
userID,lote_original,1.0
distancia,lote_original,1.0
origin_municipio,lote_original,1.0
dest_municipio,lote_original,1.0
hour,lote_original,1.0
day_of_week,lote_original,1.0
day_of_month,lote_original,1.0
weekend,lote_original,1.0
year_week_number,lote_original,0.0
time_of_day,lote_original,0.0
ts,lote_original,1.0
year,lote_original,1.0
week,lote_original,1.0
date,lote_2024_nuevo,1.0
lat_orig,lote_2024_nuevo,1.0
lon_orig,lote_2024_nuevo,1.0
lat_dest,lote_2024_nuevo,1.0
lon_dest,lote_2024_nuevo,1.0
userID,lote_2024_nuevo,1.0
distancia,lote_2024_nuevo,1.0
origin_municipio,lote_2024_nuevo,1.0
dest_municipio,lote_2024_nuevo,1.0
hour,lote_2024_nuevo,1.0
day_of_week,lote_2024_nuevo,1.0
day_of_month,lote_2024_nuevo,1.0
weekend,lote_2024_nuevo,1.0
year_week_number,lote_2024_nuevo,1.0
time_of_day,lote_2024_nuevo,1.0
ts,lote_2024_nuevo,1.0
year,lote_2024_nuevo,1.0
week,lote_2024_nuevo,1.0
