source_file,source_batch,userID,ts,lat_orig,lon_orig,lat_dest,lon_dest,origin_municipio,dest_municipio
2024-04-29_to_2024-05-05_2024-18.csv,lote_2024_nuevo,44960ae8-e792-4742-b491-529e98fa039e,2024-05-05T20:20:59.000000,13.7489231,-89.0339787,-17.4446414,-66.1231987,externo,Cochabamba
2024-04-29_to_2024-05-05_2024-18.csv,lote_2024_nuevo,44960ae8-e792-4742-b491-529e98fa039e,2024-05-05T20:21:54.000000,13.7489231,-89.0339787,-17.379983000000003,-66.13896674617462,externo,Cochabamba
2024-05-06_to_2024-05-12_2024-19.csv,lote_2024_nuevo,88596a32-b247-4b6e-b534-a13d4dc5abd6,2024-05-06T10:06:20.000000,-2.0180194660769875,-59.534331867950975,-17.3881079,-66.14945960241934,externo,Cochabamba
2024-05-13_to_2024-05-19_2024-20.csv,lote_2024_nuevo,83280070-0f12-4d45-b6f9-6c56ab7806ac,2024-05-14T21:57:17.000000,-12.1217554,-77.0308127,-17.4210652,-66.17653330327698,externo,Cochabamba
2024-05-13_to_2024-05-19_2024-20.csv,lote_2024_nuevo,83280070-0f12-4d45-b6f9-6c56ab7806ac,2024-05-14T21:57:22.000000,-12.121823,-77.0308921,-17.4210652,-66.17653330327698,externo,Cochabamba
2024-05-13_to_2024-05-19_2024-20.csv,lote_2024_nuevo,202961a3-9f11-4da8-8c96-d0ab85e30ffb,2024-05-14T22:27:27.000000,11.5839526,104.8772514,-17.380891874605094,-66.28452240160168,externo,Quillacollo
2024-05-20_to_2024-05-26_2024-21.csv,lote_2024_nuevo,5d37eec9-8ebb-44b3-9d25-8d50a0d50353,2024-05-21T16:14:25.000000,-30.6035018,-71.1962441,-17.3999069,-66.1482051,externo,Cochabamba
2024-05-20_to_2024-05-26_2024-21.csv,lote_2024_nuevo,533f3ab2-f299-4c78-b83c-ce9cf0a9a33c,2024-05-22T11:40:23.000000,-31.4230978,-64.185161,-17.3729587,-66.1553614,externo,Cochabamba
2024-05-20_to_2024-05-26_2024-21.csv,lote_2024_nuevo,5d37eec9-8ebb-44b3-9d25-8d50a0d50353,2024-05-23T04:45:48.000000,-30.6035018,-71.1962441,-17.40003899585836,-66.14816779974116,externo,Cochabamba
