celda,definicion,n_original,n_tras_dedup,filas_perdidas,pct_perdida
888b2c8a39fffff,exacto,152531,152495,36,0.024
888b2c8a3bfffff,exacto,112588,112588,0,0.0
888b2c8ae5fffff,exacto,92161,92161,0,0.0
888b2c8a15fffff,exacto,90690,90690,0,0.0
888b2c8a03fffff,exacto,80066,80066,0,0.0
888b2c8a31fffff,exacto,77460,77458,2,0.003
888b2c8a33fffff,exacto,59694,59692,2,0.003
888b2c8859fffff,exacto,49864,49864,0,0.0
888b2c8aedfffff,exacto,47832,47832,0,0.0
888b2c8a3dfffff,exacto,46314,46309,5,0.011
888b2c885dfffff,exacto,44931,44931,0,0.0
888b2c8a37fffff,exacto,36489,36487,2,0.005
888b2c8ae3fffff,exacto,30759,30757,2,0.007
888b2c8ae7fffff,exacto,30397,30397,0,0.0
888b2c8ac5fffff,exacto,28747,28745,2,0.007
888b2c8a01fffff,exacto,28549,28517,32,0.112
888b2c80e5fffff,exacto,27272,27263,9,0.033
888b2c8a07fffff,exacto,26051,26051,0,0.0
888b2c8a17fffff,exacto,25692,25692,0,0.0
888b2c8ae1fffff,exacto,23762,23762,0,0.0
888b2c8a39fffff,od_ts,152531,152495,36,0.024
888b2c8a3bfffff,od_ts,112588,112588,0,0.0
888b2c8ae5fffff,od_ts,92161,92161,0,0.0
888b2c8a15fffff,od_ts,90690,90690,0,0.0
888b2c8a03fffff,od_ts,80066,80066,0,0.0
888b2c8a31fffff,od_ts,77460,77458,2,0.003
888b2c8a33fffff,od_ts,59694,59692,2,0.003
888b2c8859fffff,od_ts,49864,49864,0,0.0
888b2c8aedfffff,od_ts,47832,47832,0,0.0
888b2c8a3dfffff,od_ts,46314,46309,5,0.011
888b2c885dfffff,od_ts,44931,44931,0,0.0
888b2c8a37fffff,od_ts,36489,36487,2,0.005
888b2c8ae3fffff,od_ts,30759,30757,2,0.007
888b2c8ae7fffff,od_ts,30397,30397,0,0.0
888b2c8ac5fffff,od_ts,28747,28745,2,0.007
888b2c8a01fffff,od_ts,28549,28517,32,0.112
888b2c80e5fffff,od_ts,27272,27263,9,0.033
888b2c8a07fffff,od_ts,26051,26051,0,0.0
888b2c8a17fffff,od_ts,25692,25692,0,0.0
888b2c8ae1fffff,od_ts,23762,23762,0,0.0
888b2c8a39fffff,uid_ts,152531,152489,42,0.028
888b2c8a3bfffff,uid_ts,112588,112587,1,0.001
888b2c8ae5fffff,uid_ts,92161,92159,2,0.002
888b2c8a15fffff,uid_ts,90690,90690,0,0.0
888b2c8a03fffff,uid_ts,80066,80066,0,0.0
888b2c8a31fffff,uid_ts,77460,77458,2,0.003
888b2c8a33fffff,uid_ts,59694,59690,4,0.007
888b2c8859fffff,uid_ts,49864,49864,0,0.0
888b2c8aedfffff,uid_ts,47832,47831,1,0.002
888b2c8a3dfffff,uid_ts,46314,46309,5,0.011
888b2c885dfffff,uid_ts,44931,44929,2,0.004
888b2c8a37fffff,uid_ts,36489,36487,2,0.005
888b2c8ae3fffff,uid_ts,30759,30755,4,0.013
888b2c8ae7fffff,uid_ts,30397,30397,0,0.0
888b2c8ac5fffff,uid_ts,28747,28745,2,0.007
888b2c8a01fffff,uid_ts,28549,28510,39,0.137
888b2c80e5fffff,uid_ts,27272,27263,9,0.033
888b2c8a07fffff,uid_ts,26051,26051,0,0.0
888b2c8a17fffff,uid_ts,25692,25689,3,0.012
888b2c8ae1fffff,uid_ts,23762,23762,0,0.0
888b2c8a39fffff,od_ts_uid,152531,152495,36,0.024
888b2c8a3bfffff,od_ts_uid,112588,112588,0,0.0
888b2c8ae5fffff,od_ts_uid,92161,92161,0,0.0
888b2c8a15fffff,od_ts_uid,90690,90690,0,0.0
888b2c8a03fffff,od_ts_uid,80066,80066,0,0.0
888b2c8a31fffff,od_ts_uid,77460,77458,2,0.003
888b2c8a33fffff,od_ts_uid,59694,59692,2,0.003
888b2c8859fffff,od_ts_uid,49864,49864,0,0.0
888b2c8aedfffff,od_ts_uid,47832,47832,0,0.0
888b2c8a3dfffff,od_ts_uid,46314,46309,5,0.011
888b2c885dfffff,od_ts_uid,44931,44931,0,0.0
888b2c8a37fffff,od_ts_uid,36489,36487,2,0.005
888b2c8ae3fffff,od_ts_uid,30759,30757,2,0.007
888b2c8ae7fffff,od_ts_uid,30397,30397,0,0.0
888b2c8ac5fffff,od_ts_uid,28747,28745,2,0.007
888b2c8a01fffff,od_ts_uid,28549,28517,32,0.112
888b2c80e5fffff,od_ts_uid,27272,27263,9,0.033
888b2c8a07fffff,od_ts_uid,26051,26051,0,0.0
888b2c8a17fffff,od_ts_uid,25692,25692,0,0.0
888b2c8ae1fffff,od_ts_uid,23762,23762,0,0.0
