anio_mes,pct_nulos,columna
2022-09,0.0,userID
2022-10,0.0,userID
2022-11,0.0,userID
2022-12,0.0,userID
2023-01,0.0,userID
2023-02,0.0,userID
2023-03,0.0,userID
2023-04,0.0,userID
2023-05,0.0,userID
2023-06,0.0,userID
2023-07,0.0,userID
2023-08,0.0,userID
2023-09,0.0,userID
2023-10,0.0,userID
2023-11,0.0,userID
2023-12,0.0,userID
2024-01,0.0,userID
2024-02,0.0,userID
2024-03,0.0,userID
2024-05,0.0,userID
2024-06,0.0,userID
2022-09,0.0,lat_orig
2022-10,0.0,lat_orig
2022-11,0.0,lat_orig
2022-12,0.0,lat_orig
2023-01,0.0,lat_orig
2023-02,0.0,lat_orig
2023-03,0.0,lat_orig
2023-04,0.0,lat_orig
2023-05,0.0,lat_orig
2023-06,0.0,lat_orig
2023-07,0.0,lat_orig
2023-08,0.0,lat_orig
2023-09,0.0,lat_orig
2023-10,0.0,lat_orig
2023-11,0.0,lat_orig
2023-12,0.0,lat_orig
2024-01,0.0,lat_orig
2024-02,0.0,lat_orig
2024-03,0.0,lat_orig
2024-05,0.0,lat_orig
2024-06,0.0,lat_orig
2022-09,0.0,lon_orig
2022-10,0.0,lon_orig
2022-11,0.0,lon_orig
2022-12,0.0,lon_orig
2023-01,0.0,lon_orig
2023-02,0.0,lon_orig
2023-03,0.0,lon_orig
2023-04,0.0,lon_orig
2023-05,0.0,lon_orig
2023-06,0.0,lon_orig
2023-07,0.0,lon_orig
2023-08,0.0,lon_orig
2023-09,0.0,lon_orig
2023-10,0.0,lon_orig
2023-11,0.0,lon_orig
2023-12,0.0,lon_orig
2024-01,0.0,lon_orig
2024-02,0.0,lon_orig
2024-03,0.0,lon_orig
2024-05,0.0,lon_orig
2024-06,0.0,lon_orig
2022-09,0.0,lat_dest
2022-10,0.0,lat_dest
2022-11,0.0,lat_dest
2022-12,0.0,lat_dest
2023-01,0.0,lat_dest
2023-02,0.0,lat_dest
2023-03,0.0,lat_dest
2023-04,0.0,lat_dest
2023-05,0.0,lat_dest
2023-06,0.0,lat_dest
2023-07,0.0,lat_dest
2023-08,0.0,lat_dest
2023-09,0.0,lat_dest
2023-10,0.0,lat_dest
2023-11,0.0,lat_dest
2023-12,0.0,lat_dest
2024-01,0.0,lat_dest
2024-02,0.0,lat_dest
2024-03,0.0,lat_dest
2024-05,0.0,lat_dest
2024-06,0.0,lat_dest
2022-09,0.0,lon_dest
2022-10,0.0,lon_dest
2022-11,0.0,lon_dest
2022-12,0.0,lon_dest
2023-01,0.0,lon_dest
2023-02,0.0,lon_dest
2023-03,0.0,lon_dest
2023-04,0.0,lon_dest
2023-05,0.0,lon_dest
2023-06,0.0,lon_dest
2023-07,0.0,lon_dest
2023-08,0.0,lon_dest
2023-09,0.0,lon_dest
2023-10,0.0,lon_dest
2023-11,0.0,lon_dest
2023-12,0.0,lon_dest
2024-01,0.0,lon_dest
2024-02,0.0,lon_dest
2024-03,0.0,lon_dest
2024-05,0.0,lon_dest
2024-06,0.0,lon_dest
2022-09,0.0,distancia
2022-10,0.0,distancia
2022-11,0.0,distancia
2022-12,0.0,distancia
2023-01,0.0,distancia
2023-02,0.0,distancia
2023-03,0.0,distancia
2023-04,0.0,distancia
2023-05,0.0,distancia
2023-06,0.0,distancia
2023-07,0.0,distancia
2023-08,0.0,distancia
2023-09,0.0,distancia
2023-10,0.0,distancia
2023-11,0.0,distancia
2023-12,0.0,distancia
2024-01,0.0,distancia
2024-02,0.0,distancia
2024-03,0.0,distancia
2024-05,0.0,distancia
2024-06,0.0,distancia
2022-09,0.0,origin_municipio
2022-10,0.0,origin_municipio
2022-11,0.0,origin_municipio
2022-12,0.0,origin_municipio
2023-01,0.0,origin_municipio
2023-02,0.0,origin_municipio
2023-03,0.0,origin_municipio
2023-04,0.0,origin_municipio
2023-05,0.0,origin_municipio
2023-06,0.0,origin_municipio
2023-07,0.0,origin_municipio
2023-08,0.0,origin_municipio
2023-09,0.0,origin_municipio
2023-10,0.0,origin_municipio
2023-11,0.0,origin_municipio
2023-12,0.0,origin_municipio
2024-01,0.0,origin_municipio
2024-02,0.0,origin_municipio
2024-03,0.0,origin_municipio
2024-05,0.0,origin_municipio
2024-06,0.0,origin_municipio
2022-09,0.0,dest_municipio
2022-10,0.0,dest_municipio
2022-11,0.0,dest_municipio
2022-12,0.0,dest_municipio
2023-01,0.0,dest_municipio
2023-02,0.0,dest_municipio
2023-03,0.0,dest_municipio
2023-04,0.0,dest_municipio
2023-05,0.0,dest_municipio
2023-06,0.0,dest_municipio
2023-07,0.0,dest_municipio
2023-08,0.0,dest_municipio
2023-09,0.0,dest_municipio
2023-10,0.0,dest_municipio
2023-11,0.0,dest_municipio
2023-12,0.0,dest_municipio
2024-01,0.0,dest_municipio
2024-02,0.0,dest_municipio
2024-03,0.0,dest_municipio
2024-05,0.0,dest_municipio
2024-06,0.0,dest_municipio
2022-09,0.0,hour
2022-10,0.0,hour
2022-11,0.0,hour
2022-12,0.0,hour
2023-01,0.0,hour
2023-02,0.0,hour
2023-03,0.0,hour
2023-04,0.0,hour
2023-05,0.0,hour
2023-06,0.0,hour
2023-07,0.0,hour
2023-08,0.0,hour
2023-09,0.0,hour
2023-10,0.0,hour
2023-11,0.0,hour
2023-12,0.0,hour
2024-01,0.0,hour
2024-02,0.0,hour
2024-03,0.0,hour
2024-05,0.0,hour
2024-06,0.0,hour
2022-09,0.0,weekend
2022-10,0.0,weekend
2022-11,0.0,weekend
2022-12,0.0,weekend
2023-01,0.0,weekend
2023-02,0.0,weekend
2023-03,0.0,weekend
2023-04,0.0,weekend
2023-05,0.0,weekend
2023-06,0.0,weekend
2023-07,0.0,weekend
2023-08,0.0,weekend
2023-09,0.0,weekend
2023-10,0.0,weekend
2023-11,0.0,weekend
2023-12,0.0,weekend
2024-01,0.0,weekend
2024-02,0.0,weekend
2024-03,0.0,weekend
2024-05,0.0,weekend
2024-06,0.0,weekend
