hour,n,pct
0,15599,0.809213171307404
1,7771,0.40312812066349357
2,3801,0.19718054132569027
3,2370,0.12294603602785738
4,2401,0.1245541909294876
5,7127,0.36971999948124035
6,28807,1.4943909113310074
7,65695,3.407991492341811
8,99108,5.1413230964763255
9,121941,6.325806995473822
10,136735,7.09326001530341
11,139183,7.220252376567626
12,143392,7.438598311437353
13,150008,7.7818096930239795
14,158626,8.228876755677176
15,157861,8.189191642782108
16,148266,7.691441762745275
17,137588,7.137510213080524
18,125755,6.523661924338906
19,93324,4.841272517410871
20,65388,3.3920655712192147
21,50127,2.6003864759360367
22,39562,2.0523169102675505
23,27240,1.4131012748518292
