year,week,inicio,consultas,dias_con_datos,observada,completa
2022,37,2022-09-12,5049,7,true,true
2022,38,2022-09-19,10838,7,true,true
2022,39,2022-09-26,10850,7,true,true
2022,40,2022-10-03,11438,7,true,true
2022,41,2022-10-10,11443,7,true,true
2022,42,2022-10-17,11235,7,true,true
2022,43,2022-10-24,11492,7,true,true
2022,44,2022-10-31,12822,7,true,true
2022,45,2022-11-07,14524,7,true,true
2022,46,2022-11-14,16300,7,true,true
2022,47,2022-11-21,15985,7,true,true
2022,48,2022-11-28,14859,7,true,true
2022,49,2022-12-05,15815,7,true,true
2022,50,2022-12-12,16306,7,true,true
2022,51,2022-12-19,15372,7,true,true
2022,52,2022-12-26,12317,7,true,true
2023,1,2023-01-02,13094,7,true,true
2023,2,2023-01-09,15944,7,true,true
2023,3,2023-01-16,16375,7,true,true
2023,4,2023-01-23,16802,7,true,true
2023,5,2023-01-30,18346,7,true,true
2023,6,2023-02-06,21731,7,true,true
2023,7,2023-02-13,21949,7,true,true
2023,8,2023-02-20,16612,7,true,true
2023,9,2023-02-27,21885,7,true,true
2023,10,2023-03-06,24078,7,true,true
2023,11,2023-03-13,24907,7,true,true
2023,12,2023-03-20,22892,7,true,true
2023,13,2023-03-27,20736,7,true,true
2023,14,2023-04-03,20775,7,true,true
2023,15,2023-04-10,25693,7,true,true
2023,16,2023-04-17,24964,7,true,true
2023,17,2023-04-24,23596,7,true,true
2023,18,2023-05-01,21394,7,true,true
2023,19,2023-05-08,23461,7,true,true
2023,20,2023-05-15,24236,7,true,true
2023,21,2023-05-22,21660,7,true,true
2023,22,2023-05-29,22922,7,true,true
2023,23,2023-06-05,23312,7,true,true
2023,24,2023-06-12,25206,7,true,true
2023,25,2023-06-19,22161,7,true,true
2023,26,2023-06-26,23171,7,true,true
2023,27,2023-07-03,23726,7,true,true
2023,28,2023-07-10,24131,7,true,true
2023,29,2023-07-17,15438,7,true,true
2023,30,2023-07-24,13311,5,true,false
2023,31,2023-07-31,25049,7,true,true
2023,32,2023-08-07,26103,7,true,true
2023,33,2023-08-14,26636,7,true,true
2023,34,2023-08-21,27768,7,true,true
2023,35,2023-08-28,25323,7,true,true
2023,36,2023-09-04,30105,7,true,true
2023,37,2023-09-11,22002,7,true,true
2023,38,2023-09-18,27894,7,true,true
2023,39,2023-09-25,30429,7,true,true
2023,40,2023-10-02,29872,7,true,true
2023,41,2023-10-09,29478,7,true,true
2023,42,2023-10-16,29522,7,true,true
2023,43,2023-10-23,29070,7,true,true
2023,44,2023-10-30,25748,7,true,true
2023,45,2023-11-06,29561,7,true,true
2023,46,2023-11-13,28976,7,true,true
2023,47,2023-11-20,29723,7,true,true
2023,48,2023-11-27,26268,7,true,true
2023,49,2023-12-04,31169,7,true,true
2023,50,2023-12-11,33050,7,true,true
2023,51,2023-12-18,32220,7,true,true
2023,52,2023-12-25,23058,7,true,true
2024,1,2024-01-01,25860,7,true,true
2024,2,2024-01-08,31418,7,true,true
2024,3,2024-01-15,31925,7,true,true
2024,4,2024-01-22,29100,7,true,true
2024,5,2024-01-29,20340,5,true,false
2024,6,2024-02-05,16224,4,true,false
2024,7,2024-02-12,33011,7,true,true
2024,8,2024-02-19,42005,7,true,true
2024,9,2024-02-26,41936,7,true,true
2024,10,2024-03-04,33843,6,true,false
2024,11,2024-03-11,0,0,false,false
2024,12,2024-03-18,0,0,false,false
2024,13,2024-03-25,0,0,false,false
2024,14,2024-04-01,0,0,false,false
2024,15,2024-04-08,0,0,false,false
2024,16,2024-04-15,0,0,false,false
2024,17,2024-04-22,0,0,false,false
2024,18,2024-04-29,932,1,true,false
2024,19,2024-05-06,42247,7,true,true
2024,20,2024-05-13,41831,7,true,true
2024,21,2024-05-20,41508,7,true,true
2024,22,2024-05-27,33872,7,true,true
2024,23,2024-06-03,1386,1,true,false
