columna,tipo,pct_nulos
date,String,0.0
lat_orig,Float64,0.0
lon_orig,Float64,0.0
lat_dest,Float64,0.0
lon_dest,Float64,0.0
userID,String,0.0
distancia,Float64,0.0
origin_municipio,String,0.0
dest_municipio,String,0.0
hour,Int64,0.0
day_of_week,Int64,0.0
day_of_month,Int64,0.0
weekend,Int64,0.0
source_file,String,0.0
source_batch,String,0.0
source_encoding,String,0.0
year_week_number,String,91.608
time_of_day,String,91.608
ts,"Datetime(time_unit='us', time_zone=None)",0.0
year,Int32,0.0
week,Int32,0.0
