columna,pct_global,lote_2024,lote_original
date,0.000000,0.000000,0.000000
day_of_month,0.000000,0.000000,0.000000
day_of_week,0.000000,0.000000,0.000000
dest_municipio,0.000000,0.000000,0.000000
distancia,0.000000,0.000000,0.000000
hour,0.000000,0.000000,0.000000
lat_dest,0.000000,0.000000,0.000000
lat_orig,0.000000,0.000000,0.000000
lon_dest,0.000000,0.000000,0.000000
lon_orig,0.000000,0.000000,0.000000
origin_municipio,0.000000,0.000000,0.000000
time_of_day,91.608000,0.000000,100.000000
ts,0.000000,0.000000,0.000000
userID,0.000000,0.000000,0.000000
week,0.000000,0.000000,0.000000
weekend,0.000000,0.000000,0.000000
year,0.000000,0.000000,0.000000
year_week_number,91.608000,0.000000,100.000000
