decil,celdas,predicho,observado,pred_medio,obs_medio,ratio_obs_pred
1,109,26.02814636551208,143,0.23879033362855118,1.311926605504587,5.494052399731332
2,109,170.09494610078667,367,1.5605040926677676,3.36697247706422,2.1576184855165588
3,108,500.7536007558563,456,4.636607414406077,4.222222222222222,0.9106275008541056
4,109,1141.1988465940206,899,10.469714188935969,8.247706422018348,0.7877680587244912
5,109,2817.883556487448,2335,25.85214272006833,21.422018348623855,0.8286360856268409
6,108,6419.961577555769,5753,59.44408868107193,53.26851851851852,0.8961112820538567
7,109,13944.1315591266,24122,127.92781246905137,221.30275229357798,1.729903357388497
8,108,46161.34932191923,78393,427.41990112888175,725.8611111111111,1.6982389196057557
9,109,171553.73922829362,214188,1573.8875158559047,1965.0275229357799,1.2485183999106613
10,109,2024423.3416626675,1591972,18572.69120791438,14605.247706422018,0.786382950264003
