analisis,grupo,valor,p_valor,celdas,ratio_obs_esp
spearman_residuo_vs_variable,dist_centro_km,-0.13138520537961523,9.615787119489285e-07,1381,
spearman_residuo_vs_variable,log_population,0.2477054546846893,9.3799351406808e-21,1381,
spearman_residuo_vs_variable,log1p_pop_ring1,0.21990022956174776,1.3867973628083782e-16,1381,
spearman_residuo_vs_variable,log1p_pop_ring2,0.17203418188482475,1.2319113003621677e-10,1381,
moran_residuo,grid_ring k=1,0.1290130586450082,0.002,1370,
moran_residuo,grid_ring k=2,0.01748779677063277,0.057,1374,
moran_residuo,grid_ring k=3,-0.004857655235639925,0.456,1379,
residuo_por_distance_ring,A1,-0.25812725797473474,,461,1.0240761004665402
residuo_por_distance_ring,A2,-0.39904123947560466,,310,0.8525695195163295
residuo_por_distance_ring,A3,-0.23782736279314812,,327,1.7071270503645992
residuo_por_distance_ring,A4,-0.44457450238818785,,283,0.689979348956159
residuo_por_municipality,Arbieto,-0.3887341469386303,,86,0.7516988690952779
residuo_por_municipality,Cliza,-0.4260571849651018,,47,0.9537864556767269
residuo_por_municipality,Cochabamba,-0.20620459159942992,,318,1.0009509645493677
residuo_por_municipality,Colcapirhua,-0.34837046759540036,,35,0.8878252602787624
residuo_por_municipality,Quillacollo,-0.4155832170521747,,137,0.5950303232669671
residuo_por_municipality,Sacaba,-0.34356432542378257,,259,1.0306487925906789
residuo_por_municipality,Sipesipe,-0.38664043408654347,,92,0.957489497328224
residuo_por_municipality,Tiquipaya,-0.30334691465254265,,47,1.0575001875805334
residuo_por_municipality,Tolata,-0.0009999987015227262,,37,1.6236984896425561
residuo_por_municipality,Villa José Quintín Mendoza,-0.3516411523341221,,76,0.6112395464141378
residuo_por_municipality,Villa Punata,-0.4777773607991348,,74,0.8376041416265079
residuo_por_municipality,Villa Santivañez,-0.3678103735615173,,79,1.3031821951203733
residuo_por_municipality,Vinto,-0.33690827681266006,,89,2.1549828953601544
