cifra,valor_verificado,valor_citado_previo,fuente_previa,coincide,nota
filas_crudas,1927675,1.927.675,borrador §1,true,""
filas_origen_cero,3,3,notebook 01 §7,true,""
filas_origen_fuera_bolivia,9,15,DECISIONES_ARCHIVO (2026-09-25),false,"La cifra 15 era de un pipeline anterior; con el bbox Bolivia actual y sin contar (0,0) son las indicadas."
filas_origen_fuera_bolivia_incl_cero,12,—,—,,"Incluye las filas (0,0)."
duplicados_exactos_filas_marcadas,104,104,notebook 01 §6 / D-013 previo,true,Cuenta todas las copias.
duplicados_exactos_grupos,44,—,—,,""
duplicados_exactos_filas_eliminadas,60,~52,docs/00_riesgos,false,Cifra que se reporta como eliminada (D-013).
celdas_h3r8_con_consultas_origen,1516,1.523 / 1.516,DECISIONES_ARCHIVO / notebook 01 §12,true,1.523 venía del pipeline anterior; la cifra de área de estudio se recalcula en la Etapa 2.
celdas_h3r8_con_consultas_en_area_gtfs,950,950,notebook 01 §12,true,Obsoleta: el área GTFS fue superada (D-018). No citar.
usuarios_unicos_origen_valido,130545,130.549,borrador,false,""
mediana_consultas_por_usuario,5.0,3,borrador,false,""
gtfs_agencias,43,43,notebook 01 §14,true,""
gtfs_lineas_routes,141,141 / 625,borrador (Introducción usa 625 'rutas'),true,Unidad fijada: 'línea' = route.
gtfs_recorridos_trips,626,626,notebook 01 §14,true,Unidad fijada: 'recorrido' = trip.
gtfs_recorridos_shapes,626,626,notebook 01 §14,true,""
gtfs_paradas,22320,22.320,notebook 01 §14,true,""
