origin_municipio,consultas,dentro_area_iter2,pct_viajes_mayores_30km,pct_dentro_iter2,estado
Cochabamba,1661748,1661740,0.2,100.0,dentro
Sacaba,92192,91688,0.3,99.5,dentro
Quillacollo,64300,64219,0.6,99.9,dentro
Colcapirhua,55338,55338,0.3,100.0,dentro
Tiquipaya,45294,45264,0.3,99.9,dentro
Vinto,3550,3322,1.7,93.6,dentro
Sipesipe,1510,1384,4.8,91.7,dentro
Arbieto,588,560,2.2,95.2,dentro
Villa Punata,539,513,89.1,95.2,dentro
Cliza,408,76,74.3,18.6,dentro
Villa Santivañez,375,332,2.4,88.5,dentro
Tolata,309,309,7.1,100.0,dentro
externo,269,0,96.3,0.0,fuera
Tarata,231,0,34.2,0.0,fuera
Villa José Quintín Mendoza,175,174,72.0,99.4,dentro
Capinota,98,0,90.8,0.0,fuera
Villa Tunari,88,0,96.6,0.0,fuera
Colomi,79,0,60.8,0.0,fuera
Arani,74,1,79.7,1.4,dentro
Tiraque,39,0,74.4,0.0,fuera
Puerto Villarroel,33,0,100.0,0.0,fuera
Villa de Anzaldo,23,0,100.0,0.0,fuera
Tapacarí,19,0,94.7,0.0,fuera
Villa Rivero,16,0,100.0,0.0,fuera
Entre Ríos,13,0,100.0,0.0,fuera
Toco,13,0,84.6,0.0,fuera
Totora,13,0,100.0,0.0,fuera
Aiquile,12,0,100.0,0.0,fuera
Mizque,12,0,100.0,0.0,fuera
Shinahota,12,0,100.0,0.0,fuera
Sicaya,10,0,100.0,0.0,fuera
Tacachi,9,0,100.0,0.0,fuera
Villa Gualberto Villarroel,7,0,100.0,0.0,fuera
Chimoré,6,0,100.0,0.0,fuera
Morochata,4,0,100.0,0.0,fuera
Pojo,4,0,100.0,0.0,fuera
Villa de Independencia,4,0,100.0,0.0,fuera
Pocona,3,0,100.0,0.0,fuera
Vila Vila,3,0,100.0,0.0,fuera
Alalay,2,0,100.0,0.0,fuera
Bolivar,2,0,100.0,0.0,fuera
Sacabamba,2,0,100.0,0.0,fuera
Tacopaya,2,0,100.0,0.0,fuera
Vacas,2,0,100.0,0.0,fuera
