columna,tipo,rol,nulos,pct_nulos,min,max,pct_ceros,distintos,descripcion
h3_cell,String,identificador,0,0.0,,,,1628,ID celda H3 res 8
query_count,Int64,objetivo,0,0.0,0.0,152494.0,37.53,406,Consultas válidas con origen en la celda (sep-2022 a jun-2024)
user_count,Int64,objetivo alternativo,0,0.0,0.0,34337.0,37.53,328,Usuarios (instalaciones) distintos con origen en la celda
population,Int64,exposición (offset),0,0.0,0.0,5240.0,2.64,850,Población Kontur 2023 de la celda
pop_ring1,Float64,predictor (log1p),0,0.0,0.0,28988.0,0.06,1352,Suma de población Kontur en la 1.ª corona H3 (grid_ring k=1)
pop_ring2,Float64,predictor (log1p),0,0.0,2.0,54207.0,0.0,1499,Suma de población Kontur en la 2.ª corona H3 (grid_ring k=2)
dist_centro_km,Float64,predictor,0,0.0,0.236,35.604,0.0,1628,Distancia haversine del centroide de la celda al centroide del área de estudio (D-022)
dist_stop_m,Float64,contraste — NO predictor,0,0.0,1.245,6984.382,0.0,1628,Distancia (UTM 19S) del centroide a la parada GTFS más cercana
gtfs_covered,Int8,contraste — NO predictor,0,0.0,0.0,1.0,61.61,2,1 si dist_stop_m <= 500
route_count_500m,Int64,contraste — NO predictor,0,0.0,0.0,105.0,61.61,51,Líneas GTFS (route_id) distintas con parada a <= 500 m
block_id,String,grupo de validación,0,0.0,,,,54,Bloque H3 res 6 (padre de la celda)
distance_ring,String,estrato de validación,0,0.0,,,,4,Anillo A1–A4 por cuartil de distancia media del bloque a la Plaza
municipality,String,grupo de la línea base B0.5,0,0.0,,,,14,Municipio de origen modal de la celda (vecino etiquetado más cercano si no tiene consultas)
in_model,Boolean,filtro de modelado,0,0.0,0.0,1.0,15.17,2,True si population >= 10
edge_cell,Boolean,diagnóstico,0,0.0,0.0,1.0,90.42,2,True si el centroide está a <= 1 km del borde del área
lat,Float64,geometría,0,0.0,-17.59,-17.282,0.0,1628,Latitud del centroide (EPSG:4326)
lon,Float64,geometría,0,0.0,-66.397,-65.797,0.0,1628,Longitud del centroide (EPSG:4326)
x_utm,Float64,geometría,0,0.0,776471.986,840083.703,0.0,1628,X del centroide (EPSG:32719)
y_utm,Float64,geometría,0,0.0,8052541.849,8087253.158,0.0,1628,Y del centroide (EPSG:32719)
