dimension,categoria,n,pct
total,consultas_coord_ok_sin_duplicados,1927603,100.0
total,distancia_mayor_50km,766,0.04
largas,origen_dentro_area,283,36.95
largas,destino_fuera_area,228,29.77
largas,origen_y_destino_dentro_area,63,8.22
largas_por_municipio_origen,externo,259,33.81
largas_por_municipio_origen,Cochabamba,148,19.32
largas_por_municipio_origen,Villa Tunari,71,9.27
largas_por_municipio_origen,Quillacollo,59,7.7
largas_por_municipio_origen,Puerto Villarroel,33,4.31
largas_por_municipio_origen,Villa Punata,24,3.13
largas_por_municipio_origen,Colcapirhua,15,1.96
largas_por_municipio_origen,Totora,13,1.7
largas_por_municipio_origen,Aiquile,12,1.57
largas_por_municipio_origen,Entre Ríos,12,1.57
largas_por_municipio_origen,Mizque,12,1.57
largas_por_municipio_origen,Shinahota,12,1.57
