h3_cell,lat,lon,query_count,user_count,dist_centro_km,dist_stop_m,municipality
888b2c815bfffff,-17.43194423334599,-66.23919584536306,13,3,12.739242161833552,194.8602459747275,Cochabamba
888b2c8eebfffff,-17.293876893925177,-66.3098984273109,8,1,26.858884824727344,1247.8966368645645,Quillacollo
888b2c8815fffff,-17.340259670893413,-66.13756424220219,5,5,12.904510681339472,2227.280175927493,Cochabamba
888b2c9a33fffff,-17.539110625484696,-66.16378450302382,5,4,10.334800429384696,2421.529353056791,Villa Santivañez
888b2cd61dfffff,-17.4870127118841,-66.0307622364402,5,1,10.262389294080464,3384.4993522238256,Sacaba
88b32d935dfffff,-17.5308841818757,-66.0249507209407,4,1,13.256758851958692,1460.2176016110568,Tolata
888b2c882bfffff,-17.34403265522491,-66.11521329558776,3,1,12.392472657255487,2361.6947082268357,Sacaba
888b2c88c3fffff,-17.32325225931566,-66.170409094928,3,2,15.569938963063628,1602.125093308882,Cochabamba
888b2c8f35fffff,-17.292992745755836,-66.21375261794928,3,1,20.526638346052053,2887.60063877056,Tiquipaya
888b2c9801fffff,-17.512169626720194,-66.1367210728343,3,1,6.521649249949921,3278.3691619703272,Cochabamba
888b2c9941fffff,-17.52483739088557,-66.07819856982776,3,2,8.999038878805818,734.2056220625828,Arbieto
888b2c99a7fffff,-17.437052680366733,-66.08981104790986,3,1,3.9390685900072997,1161.215139461271,Sacaba
888b2c9a85fffff,-17.52072115499581,-66.18809357946269,3,3,10.128304063882021,465.1052116890389,Villa Santivañez
888b2c9b45fffff,-17.579600524259003,-66.09281265772485,3,1,14.154019741245907,5065.847226932187,Arbieto
888b2cd2b7fffff,-17.497650502292636,-65.91582110141105,3,3,22.330550724938277,3158.3602522609003,Villa José Quintín Mendoza
888b2c830dfffff,-17.482493314719218,-66.2281536693596,2,1,11.695752223170583,1513.1419231875589,Cochabamba
888b2c8909fffff,-17.351568331126877,-66.0705255503581,2,1,12.746726350882037,2242.1840743969647,Sacaba
888b2c89ddfffff,-17.31474313632075,-66.11908030682744,2,1,15.632938077041187,5237.032686350851,Cochabamba
888b2c8f11fffff,-17.305271754751583,-66.24275503010023,2,2,21.060837968247174,2034.0300733553331,Quillacollo
888b2c9825fffff,-17.499861552761608,-66.10773541140905,2,2,5.16822682975835,1550.7690639259852,Arbieto
888b2c9addfffff,-17.539631729090498,-66.21185923250063,2,2,13.396525049390606,266.2533404398591,Villa Santivañez
888b2cd641fffff,-17.514831454583433,-66.01833928349672,2,1,12.798796711927038,3249.6197195307004,Tolata
888b2c8063fffff,-17.434782265057976,-66.25633144434639,1,1,14.470289462228637,1504.3814206271798,Quillacollo
888b2c8205fffff,-17.484404733248446,-66.2848242514496,1,1,17.608946554624353,3866.6433324771488,Villa Santivañez
888b2c8359fffff,-17.494789975695465,-66.25717929795042,1,1,15.031887989424558,3837.2834683992423,Villa Santivañez
888b2c836bfffff,-17.489103750160893,-66.22290435242864,1,1,11.379736920069655,2022.9657159920969,Cochabamba
888b2c852bfffff,-17.327439425085036,-66.33175679760087,1,1,26.444694532159474,1949.2372995037917,Vinto
888b2c8805fffff,-17.352064494405074,-66.11852296726174,1,1,11.485384529999118,1408.32683583047,Sacaba
888b2c883bfffff,-17.332227139813146,-66.13425352755519,1,1,13.751842005243255,2981.546258957873,Cochabamba
888b2c8885fffff,-17.305767697060375,-66.15522844522754,1,1,17.006533171766545,3725.904832389317,Cochabamba
888b2c8887fffff,-17.299151117141225,-66.1604723235813,1,1,17.846849369867925,4182.16615762201,Cochabamba
888b2c88d5fffff,-17.316635729639973,-66.17565378244343,1,1,16.45125344248549,1661.814716886118,Cochabamba
888b2c88ebfffff,-17.320416859866,-66.1532960914036,1,1,15.371446523050224,2219.73777200687,Cochabamba
888b2c88edfffff,-17.325613311142607,-66.13949716743822,1,1,14.545958056069459,2755.742610617244,Cochabamba
888b2c8e13fffff,-17.30854028235537,-66.30797053657496,1,1,25.63896052443162,1441.2594189452361,Vinto
888b2c8f25fffff,-17.304816616797314,-66.19470204018096,1,1,18.443595672961695,2346.884155472692,Tiquipaya
888b2c903dfffff,-17.572269732719366,-66.27324307629742,1,1,20.678523535046676,2708.2398829277486,Villa Santivañez
888b2c91bdfffff,-17.51604468964783,-66.24999793923742,1,1,15.19705675451563,3819.869014131414,Villa Santivañez
888b2c980dfffff,-17.518772811408503,-66.13147427616626,1,1,7.133271379964383,3810.0051747153584,Villa Santivañez
888b2c995bfffff,-17.514492381006587,-66.10580047110169,1,1,6.7913154872744546,1756.1816491395848,Arbieto
888b2cd28dfffff,-17.534901106078863,-65.915239459478,1,1,23.60951277337451,852.0887240545692,Villa José Quintín Mendoza
888b2cd68bfffff,-17.447409391284495,-66.06222036222272,1,1,6.363076053457222,519.7982241137896,Sacaba
88b32d9319fffff,-17.552099837194355,-66.01776968726205,1,1,15.39925858465118,878.2068160599132,Arbieto
