municipio_modal,celdas,consultas,poblacion,celdas_modelo,pct_consultas
Cochabamba,303,1662378,618517,281,86.38
Sacaba,180,90173,169364,166,4.69
Quillacollo,119,65310,143713,111,3.39
Colcapirhua,35,53209,47652,35,2.76
Tiquipaya,45,46798,60789,42,2.43
Vinto,67,3406,48658,64,0.18
Sipesipe,59,1364,30945,57,0.07
Arbieto,51,562,10664,43,0.03
Villa Punata,33,488,14789,33,0.03
Villa Santivañez,49,330,2617,33,0.02
Tolata,28,308,4706,26,0.02
Villa José Quintín Mendoza,29,174,8637,27,0.01
Cliza,18,76,7489,18,0.0
Arani,1,2,249,1,0.0
(sin consultas),611,0,57519,444,0.0
