h3_cell,lat,lon,query_count,user_count,dist_plaza_km,dist_stop_m
888b2c815bfffff,-17.43194423334599,-66.23919584536306,13,3,9.706886818829295,194.8602459747275
888b2c8eebfffff,-17.293876893925177,-66.3098984273109,8,1,19.65284444906314,1247.8966368645645
888b2c8815fffff,-17.340259670893413,-66.13756424220219,5,5,6.278296378513751,2227.280175927493
888b2c9a33fffff,-17.539110625484696,-66.16378450302382,5,4,16.197860755826678,2421.529353056791
888b2cd61dfffff,-17.4870127118841,-66.0307622364402,5,1,16.950138539657804,3384.4993522238256
88b32d935dfffff,-17.5308841818757,-66.0249507209407,4,1,20.719838087316855,1460.2176016110568
888b2c882bfffff,-17.34403265522491,-66.11521329558776,3,1,7.07362747090893,2361.6947082268357
888b2c88c3fffff,-17.32325225931566,-66.170409094928,3,2,7.948586691480773,1602.125093308882
888b2c8f35fffff,-17.292992745755836,-66.21375261794928,3,1,12.703308864162235,2887.60063877056
888b2c9801fffff,-17.512169626720194,-66.1367210728343,3,1,13.360776289528456,3278.3691619703272
888b2c9941fffff,-17.52483739088557,-66.07819856982776,3,2,16.819648965593746,734.2056220625828
888b2c99a7fffff,-17.437052680366733,-66.08981104790986,3,1,8.614050697964236,1161.215139461271
888b2c9a85fffff,-17.52072115499581,-66.18809357946269,3,3,14.516419940957125,465.1052116890389
888b2c830dfffff,-17.482493314719218,-66.2281536693596,2,1,12.43764204277332,1513.1419231875589
888b2c8909fffff,-17.351568331126877,-66.0705255503581,2,1,10.298956278463518,2242.1840743969647
888b2c89ddfffff,-17.31474313632075,-66.11908030682744,2,1,9.64686652658883,5237.032686350851
888b2c8f11fffff,-17.305271754751583,-66.24275503010023,2,2,13.388111173261215,2034.0300733553331
888b2c9825fffff,-17.499861552761608,-66.10773541140905,2,2,12.922180049668928,1550.7690639259852
888b2cd641fffff,-17.514831454583433,-66.01833928349672,2,1,19.953757446017207,3249.6197195307004
888b2c8063fffff,-17.434782265057976,-66.25633144434639,1,1,11.490182059017611,1504.3814206271798
888b2c8205fffff,-17.484404733248446,-66.2848242514496,1,1,16.906341879300175,3866.6433324771488
888b2c8359fffff,-17.494789975695465,-66.25717929795042,1,1,15.477399942838504,3837.2834683992423
888b2c836bfffff,-17.489103750160893,-66.22290435242864,1,1,12.715040172287512,2022.9657159920969
888b2c852bfffff,-17.327439425085036,-66.33175679760087,1,1,19.950552145696324,1949.2372995037917
888b2c8805fffff,-17.352064494405074,-66.11852296726174,1,1,6.164309725037131,1408.32683583047
888b2c883bfffff,-17.332227139813146,-66.13425352755519,1,1,7.237453903929967,2981.546258957873
888b2c8885fffff,-17.305767697060375,-66.15522844522754,1,1,9.76645501046657,3725.904832389317
888b2c8887fffff,-17.299151117141225,-66.1604723235813,1,1,10.506759929955608,4182.16615762201
888b2c88d5fffff,-17.316635729639973,-66.17565378244343,1,1,8.781871573151248,1661.814716886118
888b2c88ebfffff,-17.320416859866,-66.1532960914036,1,1,8.145266857924351,2219.73777200687
888b2c88edfffff,-17.325613311142607,-66.13949716743822,1,1,7.783169972790088,2755.742610617244
888b2c8f25fffff,-17.304816616797314,-66.19470204018096,1,1,10.65010463344734,2346.884155472692
888b2c91bdfffff,-17.51604468964783,-66.24999793923742,1,1,16.813972367077664,3819.869014131414
888b2c980dfffff,-17.518772811408503,-66.13147427616626,1,1,14.181634760692944,3810.0051747153584
888b2c995bfffff,-17.514492381006587,-66.10580047110169,1,1,14.50057814954404,1756.1816491395848
888b2cd68bfffff,-17.447409391284495,-66.06222036222272,1,1,11.70334711073754,519.7982241137896
88b32d9319fffff,-17.552099837194355,-66.01776968726205,1,1,22.995742674611595,878.2068160599132
