municipality,zonas,consultas,poblacion,pct_consultas_modal,zonas_mixtas
Cochabamba,318,1662310,622120,99.69,13
Sacaba,259,90113,180427,99.99,1
Quillacollo,137,65275,146291,97.71,12
Colcapirhua,35,53209,47652,97.17,5
Tiquipaya,47,46785,60991,92.27,7
Vinto,89,3403,56167,95.53,4
Sipesipe,92,1357,35950,99.78,2
Arbieto,86,546,17368,97.99,1
Villa Punata,74,488,23430,100.0,0
Tolata,37,302,5115,100.0,0
Villa Santivañez,79,300,4163,100.0,0
Villa José Quintín Mendoza,76,170,13386,99.41,1
Cliza,47,76,11604,100.0,0
Arani,5,2,1015,50.0,1
