priority_rank,h3_cell,municipality,population,observed_week,expected_week,gap_pearson,unmet_demand,dist_trazado_m,lat,lon,osm_url
1,888b2c8857fffff,Cochabamba,1352,4.646,77.56,-74.579,5916.47,514.8,-17.356,-66.144,https://www.openstreetmap.org/?mlat=-17.35630&mlon=-66.14420#map=16/-17.35630/-66.14420
2,888b2c8107fffff,Cochabamba,1911,0.69,52.501,-64.411,4204.07,613.4,-17.412,-66.207,https://www.openstreetmap.org/?mlat=-17.41160&mlon=-66.20690#map=16/-17.41160/-66.20690
3,888b2c880bfffff,Cochabamba,734,0.333,42.073,-57.967,3386.93,973.1,-17.355,-66.136,https://www.openstreetmap.org/?mlat=-17.35490&mlon=-66.13560#map=16/-17.35490/-66.13560
4,888b2c881bfffff,Cochabamba,2945,2.835,16.136,-29.828,1079.28,666.6,-17.343,-66.155,https://www.openstreetmap.org/?mlat=-17.34310&mlon=-66.15470#map=16/-17.34310/-66.15470
5,888b2c81e7fffff,Colcapirhua,1107,2.576,13.323,-26.523,872.058,981.6,-17.377,-66.224,https://www.openstreetmap.org/?mlat=-17.37710&mlon=-66.22450#map=16/-17.37710/-66.22450
6,888b2c8163fffff,Cochabamba,1294,0.875,8.306,-23.226,602.956,573.3,-17.425,-66.196,https://www.openstreetmap.org/?mlat=-17.42480&mlon=-66.19640#map=16/-17.42480/-66.19640
7,888b2c8819fffff,Cochabamba,943,1.602,9.191,-22.549,615.798,611,-17.35,-66.149,https://www.openstreetmap.org/?mlat=-17.34970&mlon=-66.14940#map=16/-17.34970/-66.14940
8,888b2c8e69fffff,Quillacollo,1426,2.033,9.246,-21.368,585.286,818.4,-17.347,-66.268,https://www.openstreetmap.org/?mlat=-17.34690&mlon=-66.26790#map=16/-17.34690/-66.26790
9,888b2c881dfffff,Cochabamba,624,0.32,6.073,-21.028,466.79,1382,-17.348,-66.141,https://www.openstreetmap.org/?mlat=-17.34830&mlon=-66.14090#map=16/-17.34830/-66.14090
10,888b2c8115fffff,Colcapirhua,1120,3.722,11.345,-20.388,618.592,584.8,-17.406,-66.221,https://www.openstreetmap.org/?mlat=-17.40640&mlon=-66.22070#map=16/-17.40640/-66.22070
11,888b2c8a27fffff,Cochabamba,37,0.062,5.094,-20.084,408.32,872.1,-17.391,-66.126,https://www.openstreetmap.org/?mlat=-17.39080&mlon=-66.12650#map=16/-17.39080/-66.12650
12,888b2c8b01fffff,Sacaba,694,0.37,5.232,-19.148,394.536,774.4,-17.4,-66.09,https://www.openstreetmap.org/?mlat=-17.39980&mlon=-66.09040#map=16/-17.39980/-66.09040
13,888b2c894dfffff,Sacaba,476,0.049,4.143,-18.116,332.144,593.7,-17.373,-66.063,https://www.openstreetmap.org/?mlat=-17.37280&mlon=-66.06330#map=16/-17.37280/-66.06330
14,888b2c8185fffff,Colcapirhua,1111,4.005,10.488,-18.032,526.043,593.4,-17.372,-66.238,https://www.openstreetmap.org/?mlat=-17.37190&mlon=-66.23840#map=16/-17.37190/-66.23840
15,888b2c81d7fffff,Quillacollo,1199,1.565,6.395,-17.204,391.884,691.8,-17.376,-66.264,https://www.openstreetmap.org/?mlat=-17.37620&mlon=-66.26410#map=16/-17.37620/-66.26410
16,888b2c81adfffff,Colcapirhua,638,0.653,3.667,-14.177,244.536,531.1,-17.369,-66.221,https://www.openstreetmap.org/?mlat=-17.36910&mlon=-66.22120#map=16/-17.36910/-66.22120
17,888b2c8e2bfffff,Quillacollo,1516,0.308,2.378,-12.091,167.946,1074.8,-17.318,-66.272,https://www.openstreetmap.org/?mlat=-17.31750&mlon=-66.27180#map=16/-17.31750/-66.27180
18,888b2c894bfffff,Sacaba,243,0.173,2.12,-12.048,158.016,733.1,-17.368,-66.077,https://www.openstreetmap.org/?mlat=-17.36760&mlon=-66.07710#map=16/-17.36760/-66.07710
19,888b2c81b3fffff,Quillacollo,863,0.259,1.968,-10.975,138.698,879,-17.344,-66.251,https://www.openstreetmap.org/?mlat=-17.34400&mlon=-66.25080#map=16/-17.34400/-66.25080
20,888b2c99b5fffff,Cochabamba,137,0,1.404,-10.674,113.939,848,-17.432,-66.104,https://www.openstreetmap.org/?mlat=-17.43190&mlon=-66.10360#map=16/-17.43190/-66.10360
