tecnica,pliegue,devianza_poisson,d2,mae,calibracion,spearman,n
B0,0,2811.71,-7.9246,1620.2,18.3002,0.8771,207
B1,0,2100.18,-5.6661,1258.13,14.3734,0.81,207
B2,0,2274.03,-6.2179,1339.95,15.223,0.7613,207
B3,0,155.745,0.5057,109.016,1.7136,0.7659,207
M1,0,145.53,0.5381,64.0921,0.953,0.7994,207
M2,0,322.144,-0.0225,261.518,3.7586,0.8819,207
M3,0,107.229,0.6596,103.969,1.8509,0.8782,207
B0,1,3914.33,0.6353,2219.94,0.7604,0.8,206
B1,1,7009.29,0.347,1819.09,0.6875,0.5108,206
B2,1,2886.59,0.7311,1956.68,0.7983,0.7877,206
B3,1,1491.22,0.8611,1564.48,1.1135,0.7856,206
M1,1,1199.77,0.8882,1075.56,0.6959,0.7355,206
M2,1,3376.76,0.6854,1735.79,0.4017,0.8077,206
M3,1,971.015,0.9095,1224.75,0.8294,0.8044,206
B0,2,17477,0.2107,4830.12,0.2223,0.8512,206
B1,2,14898.9,0.3271,4604.92,0.2488,0.8262,206
B2,2,14697.3,0.3362,4536.64,0.2483,0.8875,206
B3,2,4722.53,0.7867,3903.16,0.839,0.8666,206
M1,2,2956.25,0.8665,3308.29,0.8251,0.8695,206
M2,2,16663.5,0.2474,4656.57,0.1561,0.8991,206
M3,2,9753.76,0.5595,4243.94,0.4579,0.8956,206
B0,3,2510.83,-2.7655,1529.05,10.1774,0.7931,205
B1,3,2319.48,-2.4785,1456.16,9.6699,0.6845,205
B2,3,2052.36,-2.0779,1310.57,8.8059,0.8045,205
B3,3,128.288,0.8076,126.756,1.3495,0.7738,205
M1,3,241.791,0.6374,106.973,0.7414,0.7782,205
M2,3,271.009,0.5936,248.61,2.3405,0.8163,205
M3,3,147.481,0.7788,153.145,1.5458,0.7997,205
B0,4,1666.49,-0.1579,1016.12,4.6505,0.8015,205
B1,4,1998.88,-0.3889,1205.88,5.1522,0.6416,205
B2,4,1803.05,-0.2528,1125.91,5.1089,0.726,205
B3,4,448.686,0.6882,359.443,1.9512,0.8031,205
M1,4,429.583,0.7015,320.576,1.4932,0.6754,205
M2,4,316.917,0.7798,268.87,1.4436,0.809,205
M3,4,349.938,0.7569,321.755,1.536,0.8212,205
