fold,model,max_depth,min_samples_leaf,learning_rate,inner_deviance_mean,chosen
0,M3,3.0,20,0.05,4387.724102396895,False
0,M3,3.0,20,0.1,4059.2577450814174,False
0,M3,3.0,50,0.05,2987.609291530442,False
0,M3,3.0,50,0.1,2841.775134440615,False
0,M3,,20,0.05,4295.423856697718,False
0,M3,,20,0.1,3677.8808578407043,False
0,M3,,50,0.05,2775.544742920772,False
0,M3,,50,0.1,2588.9788912362383,True
1,M3,3.0,20,0.05,4679.670843061229,False
1,M3,3.0,20,0.1,4727.861362301194,False
1,M3,3.0,50,0.05,5394.460610850557,False
1,M3,3.0,50,0.1,5429.093642230467,False
1,M3,,20,0.05,4637.808718214482,True
1,M3,,20,0.1,4707.1620214635595,False
1,M3,,50,0.05,5361.927190808328,False
1,M3,,50,0.1,5379.023590751747,False
2,M3,3.0,20,0.05,1357.694208012552,False
2,M3,3.0,20,0.1,1227.8713106959565,True
2,M3,3.0,50,0.05,2055.2893708658444,False
2,M3,3.0,50,0.1,1936.0733922026059,False
2,M3,,20,0.05,1421.581626887871,False
2,M3,,20,0.1,1300.6752841940336,False
2,M3,,50,0.05,2033.5263382762423,False
2,M3,,50,0.1,1902.3633511083929,False
3,M3,3.0,20,0.05,4058.4556005229074,False
3,M3,3.0,20,0.1,4082.203265797691,False
3,M3,3.0,50,0.05,5041.816855082486,False
3,M3,3.0,50,0.1,4965.786101765248,False
3,M3,,20,0.05,3774.083194914845,False
3,M3,,20,0.1,3705.9213886289417,True
3,M3,,50,0.05,5054.3743144740465,False
3,M3,,50,0.1,4921.818704919082,False
4,M3,3.0,20,0.05,4297.347059777742,False
4,M3,3.0,20,0.1,4127.715200073307,False
4,M3,3.0,50,0.05,4952.302951998587,False
4,M3,3.0,50,0.1,5161.815577174598,False
4,M3,,20,0.05,4093.1702751122284,False
4,M3,,20,0.1,4022.9851839934395,True
4,M3,,50,0.05,4907.1717255929825,False
4,M3,,50,0.1,4893.814583503515,False
