model,fold,poisson_deviance,d2,mae,rmse,calibration,spearman,n,warnings
B0,0,3716.1478625219966,0.424745613031413,2078.5125567165255,6207.021842270271,1.59448190666819,0.8811451520288321,168,
B1,0,820.8349658414712,0.872935918444036,750.7166908920453,3024.21673204715,1.0360451111515696,0.9198297190288364,168,
M1,0,2424.0374829348766,0.6247624562257781,1144.6484461840314,4171.830872038675,1.1692636704485522,0.8430862937185793,168,
M2,0,2238.2527926218077,0.6535216612111423,1084.2583674623856,5720.414997918154,0.7395718401608127,0.8873491489363322,168,
M3,0,1449.6002543535546,0.7756039488962272,1017.9233369201644,4416.773261086515,0.9853210695689161,0.9033871015190522,168,
B0,1,8097.693118085335,0.4468791717826385,3349.1748438041986,13160.721809738248,0.8012561357605931,0.9254413775632958,168,
B1,1,823.084878809854,0.9437783843841024,1202.6098053194396,5874.798620931011,0.8871530119514037,0.937213135803588,168,
M1,1,1973.6259343778179,0.865189555161552,2048.6881701648963,9052.82177022105,0.9731477448654714,0.9119508855755618,168,
M2,1,4735.817390698367,0.6765153730537237,2150.554107557592,12375.66003780038,0.4658401609605635,0.9338669197141337,168,
M3,1,3100.9566116922397,0.7881861334687295,2264.845419365105,11305.2905120458,0.8516643907493774,0.936272402198734,168,
B0,2,8209.69113847936,0.46297180561483475,3465.150962667705,12116.066373448999,0.598807112710009,0.9017948243004925,168,
B1,2,951.141205428196,0.9377821119527471,1403.1919202054949,4399.7308645112425,1.0306390741585318,0.9235394220193336,168,
M1,2,1817.551867083708,0.881106782104577,1937.0531590079106,6446.7676297239195,0.947851970099895,0.8714058460032807,168,
M2,2,5334.4906037062365,0.651049983665571,2590.2371392029986,11342.146998613529,0.39202033717620116,0.9200435563243013,168,
M3,2,2575.4067185540694,0.8315325148603954,2296.7732189211897,8493.884292783898,0.87803823463903,0.9188911853339613,168,
B0,3,3886.3053003752275,0.457424354681912,2344.731552813467,5574.1395780190005,1.3620629979952599,0.8752963671232677,168,
B1,3,681.2033133584212,0.9048957045905325,924.0419449451834,3954.864840162201,1.1967317227571586,0.9115300182715746,168,
M1,3,1073.2518799597044,0.8501609404434171,771.591573712279,2749.2609705236214,0.860734645155282,0.8463846440768645,168,
M2,3,1894.0505001993672,0.7355674366829861,1195.5725325578208,4889.0325183858995,0.5623197971557106,0.8778737129356196,168,
M3,3,1031.7737950836324,0.8559517872577475,948.4609899474145,3669.2152149149297,0.7806657967003702,0.8875089943174416,168,
B0,4,4098.33457289464,0.5016684666878357,2264.9265107000933,7126.464398705529,1.3203165984578293,0.9086941529201348,168,
B1,4,628.0107012888361,0.9236378753019492,919.5389907160534,4065.250703080948,1.0484113461524962,0.9301846040431406,168,
M1,4,1408.6448601207655,0.8287177045820152,1132.9684769374876,5394.040961702998,0.9728728706840938,0.880463884606567,168,
M2,4,2067.5735522383106,0.7485961479726454,1204.6597917419501,6633.264691980122,0.6132984640612641,0.9244311360052381,168,
M3,4,774.5261199094324,0.9058225281367942,904.8729497999399,4250.764220615072,0.9030015763444054,0.9170466822264728,168,
