h3_cell,block_id,fold
888b2c8001fffff,868b2c807ffffff,4
888b2c8003fffff,868b2c807ffffff,4
888b2c8005fffff,868b2c807ffffff,4
888b2c8007fffff,868b2c807ffffff,4
888b2c8009fffff,868b2c807ffffff,4
888b2c800dfffff,868b2c807ffffff,4
888b2c8011fffff,868b2c807ffffff,4
888b2c8013fffff,868b2c807ffffff,4
888b2c8015fffff,868b2c807ffffff,4
888b2c8017fffff,868b2c807ffffff,4
888b2c8019fffff,868b2c807ffffff,4
888b2c801bfffff,868b2c807ffffff,4
888b2c801dfffff,868b2c807ffffff,4
888b2c8021fffff,868b2c807ffffff,4
888b2c8023fffff,868b2c807ffffff,4
888b2c8025fffff,868b2c807ffffff,4
888b2c8027fffff,868b2c807ffffff,4
888b2c802bfffff,868b2c807ffffff,4
888b2c802dfffff,868b2c807ffffff,4
888b2c8031fffff,868b2c807ffffff,4
888b2c8033fffff,868b2c807ffffff,4
888b2c8035fffff,868b2c807ffffff,4
888b2c8037fffff,868b2c807ffffff,4
888b2c8039fffff,868b2c807ffffff,4
888b2c803bfffff,868b2c807ffffff,4
888b2c803dfffff,868b2c807ffffff,4
888b2c8043fffff,868b2c807ffffff,4
888b2c8045fffff,868b2c807ffffff,4
888b2c8047fffff,868b2c807ffffff,4
888b2c8051fffff,868b2c807ffffff,4
888b2c8053fffff,868b2c807ffffff,4
888b2c8055fffff,868b2c807ffffff,4
888b2c8057fffff,868b2c807ffffff,4
888b2c8065fffff,868b2c807ffffff,4
888b2c8069fffff,868b2c807ffffff,4
888b2c806bfffff,868b2c807ffffff,4
888b2c806dfffff,868b2c807ffffff,4
888b2c8081fffff,868b2c80fffffff,4
888b2c8083fffff,868b2c80fffffff,4
888b2c8085fffff,868b2c80fffffff,4
888b2c8087fffff,868b2c80fffffff,4
888b2c8089fffff,868b2c80fffffff,4
888b2c808bfffff,868b2c80fffffff,4
888b2c808dfffff,868b2c80fffffff,4
888b2c8091fffff,868b2c80fffffff,4
888b2c8093fffff,868b2c80fffffff,4
888b2c8095fffff,868b2c80fffffff,4
888b2c8097fffff,868b2c80fffffff,4
888b2c8099fffff,868b2c80fffffff,4
888b2c809bfffff,868b2c80fffffff,4
888b2c809dfffff,868b2c80fffffff,4
888b2c80a1fffff,868b2c80fffffff,4
888b2c80a3fffff,868b2c80fffffff,4
888b2c80a5fffff,868b2c80fffffff,4
888b2c80a7fffff,868b2c80fffffff,4
888b2c80a9fffff,868b2c80fffffff,4
888b2c80abfffff,868b2c80fffffff,4
888b2c80adfffff,868b2c80fffffff,4
888b2c80b1fffff,868b2c80fffffff,4
888b2c80b3fffff,868b2c80fffffff,4
888b2c80b5fffff,868b2c80fffffff,4
888b2c80b7fffff,868b2c80fffffff,4
888b2c80b9fffff,868b2c80fffffff,4
888b2c80bbfffff,868b2c80fffffff,4
888b2c80bdfffff,868b2c80fffffff,4
888b2c80c1fffff,868b2c80fffffff,4
888b2c80c3fffff,868b2c80fffffff,4
888b2c80c5fffff,868b2c80fffffff,4
888b2c80c7fffff,868b2c80fffffff,4
888b2c80c9fffff,868b2c80fffffff,4
888b2c80cbfffff,868b2c80fffffff,4
888b2c80cdfffff,868b2c80fffffff,4
888b2c80d1fffff,868b2c80fffffff,4
888b2c80d3fffff,868b2c80fffffff,4
888b2c80d5fffff,868b2c80fffffff,4
888b2c80d7fffff,868b2c80fffffff,4
888b2c80d9fffff,868b2c80fffffff,4
888b2c80dbfffff,868b2c80fffffff,4
888b2c80ddfffff,868b2c80fffffff,4
888b2c80e1fffff,868b2c80fffffff,4
888b2c80e3fffff,868b2c80fffffff,4
888b2c80e5fffff,868b2c80fffffff,4
888b2c80e7fffff,868b2c80fffffff,4
888b2c80e9fffff,868b2c80fffffff,4
888b2c80ebfffff,868b2c80fffffff,4
888b2c80edfffff,868b2c80fffffff,4
888b2c8181fffff,868b2c81fffffff,3
888b2c8183fffff,868b2c81fffffff,3
888b2c8185fffff,868b2c81fffffff,3
888b2c8187fffff,868b2c81fffffff,3
888b2c8189fffff,868b2c81fffffff,3
888b2c818bfffff,868b2c81fffffff,3
888b2c818dfffff,868b2c81fffffff,3
888b2c8191fffff,868b2c81fffffff,3
888b2c8193fffff,868b2c81fffffff,3
888b2c8195fffff,868b2c81fffffff,3
888b2c8197fffff,868b2c81fffffff,3
888b2c8199fffff,868b2c81fffffff,3
888b2c819bfffff,868b2c81fffffff,3
888b2c819dfffff,868b2c81fffffff,3
888b2c81a1fffff,868b2c81fffffff,3
888b2c81a3fffff,868b2c81fffffff,3
888b2c81a5fffff,868b2c81fffffff,3
888b2c81a7fffff,868b2c81fffffff,3
888b2c81a9fffff,868b2c81fffffff,3
888b2c81abfffff,868b2c81fffffff,3
888b2c81adfffff,868b2c81fffffff,3
888b2c81b1fffff,868b2c81fffffff,3
888b2c81b3fffff,868b2c81fffffff,3
888b2c81b5fffff,868b2c81fffffff,3
888b2c81b7fffff,868b2c81fffffff,3
888b2c81b9fffff,868b2c81fffffff,3
888b2c81bbfffff,868b2c81fffffff,3
888b2c81bdfffff,868b2c81fffffff,3
888b2c81c1fffff,868b2c81fffffff,3
888b2c81c3fffff,868b2c81fffffff,3
888b2c81c5fffff,868b2c81fffffff,3
888b2c81c7fffff,868b2c81fffffff,3
888b2c81c9fffff,868b2c81fffffff,3
888b2c81cbfffff,868b2c81fffffff,3
888b2c81cdfffff,868b2c81fffffff,3
888b2c81d1fffff,868b2c81fffffff,3
888b2c81d3fffff,868b2c81fffffff,3
888b2c81d5fffff,868b2c81fffffff,3
888b2c81d7fffff,868b2c81fffffff,3
888b2c81d9fffff,868b2c81fffffff,3
888b2c81dbfffff,868b2c81fffffff,3
888b2c81ddfffff,868b2c81fffffff,3
888b2c81e1fffff,868b2c81fffffff,3
888b2c81e3fffff,868b2c81fffffff,3
888b2c81e5fffff,868b2c81fffffff,3
888b2c81e7fffff,868b2c81fffffff,3
888b2c81e9fffff,868b2c81fffffff,3
888b2c81ebfffff,868b2c81fffffff,3
888b2c81edfffff,868b2c81fffffff,3
888b2c8281fffff,868b2c82fffffff,1
888b2c8283fffff,868b2c82fffffff,1
888b2c8285fffff,868b2c82fffffff,1
888b2c8287fffff,868b2c82fffffff,1
888b2c8289fffff,868b2c82fffffff,1
888b2c828bfffff,868b2c82fffffff,1
888b2c828dfffff,868b2c82fffffff,1
888b2c8291fffff,868b2c82fffffff,1
888b2c8293fffff,868b2c82fffffff,1
888b2c8295fffff,868b2c82fffffff,1
888b2c8297fffff,868b2c82fffffff,1
888b2c8299fffff,868b2c82fffffff,1
888b2c829bfffff,868b2c82fffffff,1
888b2c829dfffff,868b2c82fffffff,1
888b2c82a1fffff,868b2c82fffffff,1
888b2c82a3fffff,868b2c82fffffff,1
888b2c82a5fffff,868b2c82fffffff,1
888b2c82a7fffff,868b2c82fffffff,1
888b2c82a9fffff,868b2c82fffffff,1
888b2c82abfffff,868b2c82fffffff,1
888b2c82adfffff,868b2c82fffffff,1
888b2c82b1fffff,868b2c82fffffff,1
888b2c82b3fffff,868b2c82fffffff,1
888b2c82b5fffff,868b2c82fffffff,1
888b2c82b7fffff,868b2c82fffffff,1
888b2c82b9fffff,868b2c82fffffff,1
888b2c82bbfffff,868b2c82fffffff,1
888b2c82bdfffff,868b2c82fffffff,1
888b2c82c1fffff,868b2c82fffffff,1
888b2c82c3fffff,868b2c82fffffff,1
888b2c82c7fffff,868b2c82fffffff,1
888b2c82c9fffff,868b2c82fffffff,1
888b2c82cbfffff,868b2c82fffffff,1
888b2c82cdfffff,868b2c82fffffff,1
888b2c82d1fffff,868b2c82fffffff,1
888b2c82d3fffff,868b2c82fffffff,1
888b2c82d5fffff,868b2c82fffffff,1
888b2c82d7fffff,868b2c82fffffff,1
888b2c82d9fffff,868b2c82fffffff,1
888b2c82dbfffff,868b2c82fffffff,1
888b2c82ddfffff,868b2c82fffffff,1
888b2c82e1fffff,868b2c82fffffff,1
888b2c82e3fffff,868b2c82fffffff,1
888b2c82e5fffff,868b2c82fffffff,1
888b2c82e7fffff,868b2c82fffffff,1
888b2c82e9fffff,868b2c82fffffff,1
888b2c82ebfffff,868b2c82fffffff,1
888b2c82edfffff,868b2c82fffffff,1
888b2c8301fffff,868b2c837ffffff,3
888b2c8303fffff,868b2c837ffffff,3
888b2c8305fffff,868b2c837ffffff,3
888b2c8307fffff,868b2c837ffffff,3
888b2c8309fffff,868b2c837ffffff,3
888b2c830bfffff,868b2c837ffffff,3
888b2c8311fffff,868b2c837ffffff,3
888b2c8313fffff,868b2c837ffffff,3
888b2c8315fffff,868b2c837ffffff,3
888b2c8317fffff,868b2c837ffffff,3
888b2c831dfffff,868b2c837ffffff,3
888b2c8321fffff,868b2c837ffffff,3
888b2c8323fffff,868b2c837ffffff,3
888b2c8325fffff,868b2c837ffffff,3
888b2c8327fffff,868b2c837ffffff,3
888b2c8329fffff,868b2c837ffffff,3
888b2c832bfffff,868b2c837ffffff,3
888b2c832dfffff,868b2c837ffffff,3
888b2c8331fffff,868b2c837ffffff,3
888b2c8333fffff,868b2c837ffffff,3
888b2c8335fffff,868b2c837ffffff,3
888b2c8337fffff,868b2c837ffffff,3
888b2c8339fffff,868b2c837ffffff,3
888b2c833bfffff,868b2c837ffffff,3
888b2c833dfffff,868b2c837ffffff,3
888b2c8343fffff,868b2c837ffffff,3
888b2c8345fffff,868b2c837ffffff,3
888b2c834bfffff,868b2c837ffffff,3
888b2c834dfffff,868b2c837ffffff,3
888b2c8351fffff,868b2c837ffffff,3
888b2c8353fffff,868b2c837ffffff,3
888b2c8355fffff,868b2c837ffffff,3
888b2c8357fffff,868b2c837ffffff,3
888b2c8367fffff,868b2c837ffffff,3
888b2c8369fffff,868b2c837ffffff,3
888b2c8505fffff,868b2c857ffffff,3
888b2c850dfffff,868b2c857ffffff,3
888b2c8521fffff,868b2c857ffffff,3
888b2c8525fffff,868b2c857ffffff,3
888b2c8529fffff,868b2c857ffffff,3
888b2c852dfffff,868b2c857ffffff,3
888b2c8541fffff,868b2c857ffffff,3
888b2c8543fffff,868b2c857ffffff,3
888b2c8545fffff,868b2c857ffffff,3
888b2c8547fffff,868b2c857ffffff,3
888b2c8549fffff,868b2c857ffffff,3
888b2c854bfffff,868b2c857ffffff,3
888b2c854dfffff,868b2c857ffffff,3
888b2c855dfffff,868b2c857ffffff,3
888b2c8561fffff,868b2c857ffffff,3
888b2c8563fffff,868b2c857ffffff,3
888b2c8565fffff,868b2c857ffffff,3
888b2c8567fffff,868b2c857ffffff,3
888b2c8569fffff,868b2c857ffffff,3
888b2c856bfffff,868b2c857ffffff,3
888b2c856dfffff,868b2c857ffffff,3
888b2c8807fffff,868b2c887ffffff,2
888b2c8809fffff,868b2c887ffffff,2
888b2c880bfffff,868b2c887ffffff,2
888b2c880dfffff,868b2c887ffffff,2
888b2c8817fffff,868b2c887ffffff,2
888b2c8819fffff,868b2c887ffffff,2
888b2c881bfffff,868b2c887ffffff,2
888b2c881dfffff,868b2c887ffffff,2
888b2c8823fffff,868b2c887ffffff,2
888b2c8835fffff,868b2c887ffffff,2
888b2c8841fffff,868b2c887ffffff,2
888b2c8843fffff,868b2c887ffffff,2
888b2c8845fffff,868b2c887ffffff,2
888b2c8847fffff,868b2c887ffffff,2
888b2c8849fffff,868b2c887ffffff,2
888b2c884bfffff,868b2c887ffffff,2
888b2c884dfffff,868b2c887ffffff,2
888b2c8851fffff,868b2c887ffffff,2
888b2c8853fffff,868b2c887ffffff,2
888b2c8855fffff,868b2c887ffffff,2
888b2c8857fffff,868b2c887ffffff,2
888b2c8859fffff,868b2c887ffffff,2
888b2c885bfffff,868b2c887ffffff,2
888b2c885dfffff,868b2c887ffffff,2
888b2c8861fffff,868b2c887ffffff,2
888b2c8865fffff,868b2c887ffffff,2
888b2c8867fffff,868b2c887ffffff,2
888b2c8869fffff,868b2c887ffffff,2
888b2c886bfffff,868b2c887ffffff,2
888b2c886dfffff,868b2c887ffffff,2
888b2c8881fffff,868b2c88fffffff,1
888b2c8889fffff,868b2c88fffffff,1
888b2c889dfffff,868b2c88fffffff,1
888b2c88c5fffff,868b2c88fffffff,1
888b2c88c9fffff,868b2c88fffffff,1
888b2c88cbfffff,868b2c88fffffff,1
888b2c88cdfffff,868b2c88fffffff,1
888b2c88d7fffff,868b2c88fffffff,1
888b2c88d9fffff,868b2c88fffffff,1
888b2c88dbfffff,868b2c88fffffff,1
888b2c88ddfffff,868b2c88fffffff,1
888b2c88e7fffff,868b2c88fffffff,1
888b2c8901fffff,868b2c897ffffff,0
888b2c8903fffff,868b2c897ffffff,0
888b2c8905fffff,868b2c897ffffff,0
888b2c890bfffff,868b2c897ffffff,0
888b2c890dfffff,868b2c897ffffff,0
888b2c8911fffff,868b2c897ffffff,0
888b2c8919fffff,868b2c897ffffff,0
888b2c891dfffff,868b2c897ffffff,0
888b2c8941fffff,868b2c897ffffff,0
888b2c8949fffff,868b2c897ffffff,0
888b2c894bfffff,868b2c897ffffff,0
888b2c894dfffff,868b2c897ffffff,0
888b2c8961fffff,868b2c897ffffff,0
888b2c8963fffff,868b2c897ffffff,0
888b2c8967fffff,868b2c897ffffff,0
888b2c896bfffff,868b2c897ffffff,0
888b2c89c9fffff,868b2c89fffffff,3
888b2c8a01fffff,868b2c8a7ffffff,2
888b2c8a03fffff,868b2c8a7ffffff,2
888b2c8a05fffff,868b2c8a7ffffff,2
888b2c8a07fffff,868b2c8a7ffffff,2
888b2c8a09fffff,868b2c8a7ffffff,2
888b2c8a0bfffff,868b2c8a7ffffff,2
888b2c8a0dfffff,868b2c8a7ffffff,2
888b2c8a11fffff,868b2c8a7ffffff,2
888b2c8a13fffff,868b2c8a7ffffff,2
888b2c8a15fffff,868b2c8a7ffffff,2
888b2c8a17fffff,868b2c8a7ffffff,2
888b2c8a19fffff,868b2c8a7ffffff,2
888b2c8a1bfffff,868b2c8a7ffffff,2
888b2c8a1dfffff,868b2c8a7ffffff,2
888b2c8a21fffff,868b2c8a7ffffff,2
888b2c8a23fffff,868b2c8a7ffffff,2
888b2c8a25fffff,868b2c8a7ffffff,2
888b2c8a27fffff,868b2c8a7ffffff,2
888b2c8a29fffff,868b2c8a7ffffff,2
888b2c8a2bfffff,868b2c8a7ffffff,2
888b2c8a2dfffff,868b2c8a7ffffff,2
888b2c8a31fffff,868b2c8a7ffffff,2
888b2c8a33fffff,868b2c8a7ffffff,2
888b2c8a35fffff,868b2c8a7ffffff,2
888b2c8a37fffff,868b2c8a7ffffff,2
888b2c8a39fffff,868b2c8a7ffffff,2
888b2c8a3bfffff,868b2c8a7ffffff,2
888b2c8a3dfffff,868b2c8a7ffffff,2
888b2c8a41fffff,868b2c8a7ffffff,2
888b2c8a43fffff,868b2c8a7ffffff,2
888b2c8a45fffff,868b2c8a7ffffff,2
888b2c8a47fffff,868b2c8a7ffffff,2
888b2c8a49fffff,868b2c8a7ffffff,2
888b2c8a4bfffff,868b2c8a7ffffff,2
888b2c8a4dfffff,868b2c8a7ffffff,2
888b2c8a51fffff,868b2c8a7ffffff,2
888b2c8a53fffff,868b2c8a7ffffff,2
888b2c8a55fffff,868b2c8a7ffffff,2
888b2c8a57fffff,868b2c8a7ffffff,2
888b2c8a59fffff,868b2c8a7ffffff,2
888b2c8a5bfffff,868b2c8a7ffffff,2
888b2c8a5dfffff,868b2c8a7ffffff,2
888b2c8a61fffff,868b2c8a7ffffff,2
888b2c8a63fffff,868b2c8a7ffffff,2
888b2c8a65fffff,868b2c8a7ffffff,2
888b2c8a67fffff,868b2c8a7ffffff,2
888b2c8a69fffff,868b2c8a7ffffff,2
888b2c8a6bfffff,868b2c8a7ffffff,2
888b2c8a6dfffff,868b2c8a7ffffff,2
888b2c8a81fffff,868b2c8afffffff,1
888b2c8a83fffff,868b2c8afffffff,1
888b2c8a85fffff,868b2c8afffffff,1
888b2c8a87fffff,868b2c8afffffff,1
888b2c8a89fffff,868b2c8afffffff,1
888b2c8a8bfffff,868b2c8afffffff,1
888b2c8a8dfffff,868b2c8afffffff,1
888b2c8a91fffff,868b2c8afffffff,1
888b2c8a93fffff,868b2c8afffffff,1
888b2c8a95fffff,868b2c8afffffff,1
888b2c8a97fffff,868b2c8afffffff,1
888b2c8a99fffff,868b2c8afffffff,1
888b2c8a9bfffff,868b2c8afffffff,1
888b2c8a9dfffff,868b2c8afffffff,1
888b2c8aa1fffff,868b2c8afffffff,1
888b2c8aa3fffff,868b2c8afffffff,1
888b2c8aa5fffff,868b2c8afffffff,1
888b2c8aa7fffff,868b2c8afffffff,1
888b2c8aa9fffff,868b2c8afffffff,1
888b2c8aabfffff,868b2c8afffffff,1
888b2c8aadfffff,868b2c8afffffff,1
888b2c8ab1fffff,868b2c8afffffff,1
888b2c8ab3fffff,868b2c8afffffff,1
888b2c8ab5fffff,868b2c8afffffff,1
888b2c8ab7fffff,868b2c8afffffff,1
888b2c8ab9fffff,868b2c8afffffff,1
888b2c8abbfffff,868b2c8afffffff,1
888b2c8abdfffff,868b2c8afffffff,1
888b2c8ac1fffff,868b2c8afffffff,1
888b2c8ac3fffff,868b2c8afffffff,1
888b2c8ac5fffff,868b2c8afffffff,1
888b2c8ac7fffff,868b2c8afffffff,1
888b2c8ac9fffff,868b2c8afffffff,1
888b2c8acbfffff,868b2c8afffffff,1
888b2c8acdfffff,868b2c8afffffff,1
888b2c8ad1fffff,868b2c8afffffff,1
888b2c8ad3fffff,868b2c8afffffff,1
888b2c8ad5fffff,868b2c8afffffff,1
888b2c8ad7fffff,868b2c8afffffff,1
888b2c8ad9fffff,868b2c8afffffff,1
888b2c8adbfffff,868b2c8afffffff,1
888b2c8addfffff,868b2c8afffffff,1
888b2c8ae1fffff,868b2c8afffffff,1
888b2c8ae3fffff,868b2c8afffffff,1
888b2c8ae5fffff,868b2c8afffffff,1
888b2c8ae7fffff,868b2c8afffffff,1
888b2c8ae9fffff,868b2c8afffffff,1
888b2c8aebfffff,868b2c8afffffff,1
888b2c8aedfffff,868b2c8afffffff,1
888b2c8b01fffff,868b2c8b7ffffff,0
888b2c8b03fffff,868b2c8b7ffffff,0
888b2c8b05fffff,868b2c8b7ffffff,0
888b2c8b07fffff,868b2c8b7ffffff,0
888b2c8b09fffff,868b2c8b7ffffff,0
888b2c8b0bfffff,868b2c8b7ffffff,0
888b2c8b0dfffff,868b2c8b7ffffff,0
888b2c8b11fffff,868b2c8b7ffffff,0
888b2c8b13fffff,868b2c8b7ffffff,0
888b2c8b15fffff,868b2c8b7ffffff,0
888b2c8b17fffff,868b2c8b7ffffff,0
888b2c8b19fffff,868b2c8b7ffffff,0
888b2c8b1bfffff,868b2c8b7ffffff,0
888b2c8b1dfffff,868b2c8b7ffffff,0
888b2c8b21fffff,868b2c8b7ffffff,0
888b2c8b23fffff,868b2c8b7ffffff,0
888b2c8b25fffff,868b2c8b7ffffff,0
888b2c8b27fffff,868b2c8b7ffffff,0
888b2c8b29fffff,868b2c8b7ffffff,0
888b2c8b2bfffff,868b2c8b7ffffff,0
888b2c8b2dfffff,868b2c8b7ffffff,0
888b2c8b31fffff,868b2c8b7ffffff,0
888b2c8b33fffff,868b2c8b7ffffff,0
888b2c8b35fffff,868b2c8b7ffffff,0
888b2c8b37fffff,868b2c8b7ffffff,0
888b2c8b39fffff,868b2c8b7ffffff,0
888b2c8b3bfffff,868b2c8b7ffffff,0
888b2c8b3dfffff,868b2c8b7ffffff,0
888b2c8b41fffff,868b2c8b7ffffff,0
888b2c8b43fffff,868b2c8b7ffffff,0
888b2c8b45fffff,868b2c8b7ffffff,0
888b2c8b47fffff,868b2c8b7ffffff,0
888b2c8b49fffff,868b2c8b7ffffff,0
888b2c8b4bfffff,868b2c8b7ffffff,0
888b2c8b4dfffff,868b2c8b7ffffff,0
888b2c8b51fffff,868b2c8b7ffffff,0
888b2c8b53fffff,868b2c8b7ffffff,0
888b2c8b55fffff,868b2c8b7ffffff,0
888b2c8b57fffff,868b2c8b7ffffff,0
888b2c8b59fffff,868b2c8b7ffffff,0
888b2c8b5dfffff,868b2c8b7ffffff,0
888b2c8b61fffff,868b2c8b7ffffff,0
888b2c8b63fffff,868b2c8b7ffffff,0
888b2c8b65fffff,868b2c8b7ffffff,0
888b2c8b67fffff,868b2c8b7ffffff,0
888b2c8b69fffff,868b2c8b7ffffff,0
888b2c8b6bfffff,868b2c8b7ffffff,0
888b2c8b6dfffff,868b2c8b7ffffff,0
888b2c8c4bfffff,868b2c8c7ffffff,4
888b2c8c51fffff,868b2c8c7ffffff,4
888b2c8c59fffff,868b2c8c7ffffff,4
888b2c8c5bfffff,868b2c8c7ffffff,4
888b2c8c5dfffff,868b2c8c7ffffff,4
888b2c8c69fffff,868b2c8c7ffffff,4
888b2c8c6dfffff,868b2c8c7ffffff,4
888b2c8ee1fffff,868b2c8efffffff,0
888b2c8ee3fffff,868b2c8efffffff,0
888b2c8ee5fffff,868b2c8efffffff,0
888b2c8ee7fffff,868b2c8efffffff,0
888b2c8eedfffff,868b2c8efffffff,0
888b2c9521fffff,868b2c957ffffff,4
888b2c9523fffff,868b2c957ffffff,4
888b2c9527fffff,868b2c957ffffff,4
888b2c9529fffff,868b2c957ffffff,4
888b2c952bfffff,868b2c957ffffff,4
888b2c9531fffff,868b2c957ffffff,4
888b2c9533fffff,868b2c957ffffff,4
888b2c9535fffff,868b2c957ffffff,4
888b2c9537fffff,868b2c957ffffff,4
888b2c9539fffff,868b2c957ffffff,4
888b2c953dfffff,868b2c957ffffff,4
888b2c9567fffff,868b2c957ffffff,4
888b2c9585fffff,868b2c95fffffff,2
888b2c9587fffff,868b2c95fffffff,2
888b2c95a1fffff,868b2c95fffffff,2
888b2c95a3fffff,868b2c95fffffff,2
888b2c95a5fffff,868b2c95fffffff,2
888b2c95a7fffff,868b2c95fffffff,2
888b2c95a9fffff,868b2c95fffffff,2
888b2c95abfffff,868b2c95fffffff,2
888b2c95adfffff,868b2c95fffffff,2
888b2c95b1fffff,868b2c95fffffff,2
888b2c95b3fffff,868b2c95fffffff,2
888b2c95b5fffff,868b2c95fffffff,2
888b2c95b7fffff,868b2c95fffffff,2
888b2c95b9fffff,868b2c95fffffff,2
888b2c95bdfffff,868b2c95fffffff,2
888b2c95e1fffff,868b2c95fffffff,2
888b2c95e3fffff,868b2c95fffffff,2
888b2c95e5fffff,868b2c95fffffff,2
888b2c95e7fffff,868b2c95fffffff,2
888b2c95edfffff,868b2c95fffffff,2
888b2c9803fffff,868b2c987ffffff,2
888b2c9811fffff,868b2c987ffffff,2
888b2c9813fffff,868b2c987ffffff,2
888b2c9817fffff,868b2c987ffffff,2
888b2c9819fffff,868b2c987ffffff,2
888b2c981bfffff,868b2c987ffffff,2
888b2c9821fffff,868b2c987ffffff,2
888b2c9823fffff,868b2c987ffffff,2
888b2c9827fffff,868b2c987ffffff,2
888b2c9833fffff,868b2c987ffffff,2
888b2c9835fffff,868b2c987ffffff,2
888b2c9837fffff,868b2c987ffffff,2
888b2c983bfffff,868b2c987ffffff,2
888b2c9853fffff,868b2c987ffffff,2
888b2c985bfffff,868b2c987ffffff,2
888b2c9861fffff,868b2c987ffffff,2
888b2c9865fffff,868b2c987ffffff,2
888b2c9867fffff,868b2c987ffffff,2
888b2c9869fffff,868b2c987ffffff,2
888b2c986bfffff,868b2c987ffffff,2
888b2c986dfffff,868b2c987ffffff,2
888b2c9881fffff,868b2c98fffffff,0
888b2c9883fffff,868b2c98fffffff,0
888b2c9885fffff,868b2c98fffffff,0
888b2c9887fffff,868b2c98fffffff,0
888b2c9889fffff,868b2c98fffffff,0
888b2c988bfffff,868b2c98fffffff,0
888b2c988dfffff,868b2c98fffffff,0
888b2c9891fffff,868b2c98fffffff,0
888b2c9893fffff,868b2c98fffffff,0
888b2c9895fffff,868b2c98fffffff,0
888b2c9897fffff,868b2c98fffffff,0
888b2c9899fffff,868b2c98fffffff,0
888b2c989bfffff,868b2c98fffffff,0
888b2c989dfffff,868b2c98fffffff,0
888b2c98a1fffff,868b2c98fffffff,0
888b2c98a3fffff,868b2c98fffffff,0
888b2c98a5fffff,868b2c98fffffff,0
888b2c98a7fffff,868b2c98fffffff,0
888b2c98a9fffff,868b2c98fffffff,0
888b2c98abfffff,868b2c98fffffff,0
888b2c98adfffff,868b2c98fffffff,0
888b2c98b1fffff,868b2c98fffffff,0
888b2c98b3fffff,868b2c98fffffff,0
888b2c98b5fffff,868b2c98fffffff,0
888b2c98b7fffff,868b2c98fffffff,0
888b2c98b9fffff,868b2c98fffffff,0
888b2c98bbfffff,868b2c98fffffff,0
888b2c98bdfffff,868b2c98fffffff,0
888b2c98c1fffff,868b2c98fffffff,0
888b2c98c3fffff,868b2c98fffffff,0
888b2c98c5fffff,868b2c98fffffff,0
888b2c98c7fffff,868b2c98fffffff,0
888b2c98c9fffff,868b2c98fffffff,0
888b2c98cbfffff,868b2c98fffffff,0
888b2c98cdfffff,868b2c98fffffff,0
888b2c98d1fffff,868b2c98fffffff,0
888b2c98d3fffff,868b2c98fffffff,0
888b2c98d5fffff,868b2c98fffffff,0
888b2c98d7fffff,868b2c98fffffff,0
888b2c98d9fffff,868b2c98fffffff,0
888b2c98dbfffff,868b2c98fffffff,0
888b2c98ddfffff,868b2c98fffffff,0
888b2c98e1fffff,868b2c98fffffff,0
888b2c98e3fffff,868b2c98fffffff,0
888b2c98e5fffff,868b2c98fffffff,0
888b2c98e7fffff,868b2c98fffffff,0
888b2c98e9fffff,868b2c98fffffff,0
888b2c98ebfffff,868b2c98fffffff,0
888b2c98edfffff,868b2c98fffffff,0
888b2c9901fffff,868b2c997ffffff,1
888b2c9903fffff,868b2c997ffffff,1
888b2c9909fffff,868b2c997ffffff,1
888b2c990bfffff,868b2c997ffffff,1
888b2c990dfffff,868b2c997ffffff,1
888b2c9911fffff,868b2c997ffffff,1
888b2c9913fffff,868b2c997ffffff,1
888b2c9915fffff,868b2c997ffffff,1
888b2c9917fffff,868b2c997ffffff,1
888b2c9919fffff,868b2c997ffffff,1
888b2c991bfffff,868b2c997ffffff,1
888b2c991dfffff,868b2c997ffffff,1
888b2c9933fffff,868b2c997ffffff,1
888b2c9939fffff,868b2c997ffffff,1
888b2c993bfffff,868b2c997ffffff,1
888b2c993dfffff,868b2c997ffffff,1
888b2c9943fffff,868b2c997ffffff,1
888b2c9949fffff,868b2c997ffffff,1
888b2c994bfffff,868b2c997ffffff,1
888b2c994dfffff,868b2c997ffffff,1
888b2c9955fffff,868b2c997ffffff,1
888b2c9957fffff,868b2c997ffffff,1
888b2c9959fffff,868b2c997ffffff,1
888b2c995dfffff,868b2c997ffffff,1
888b2c9981fffff,868b2c99fffffff,2
888b2c9983fffff,868b2c99fffffff,2
888b2c9985fffff,868b2c99fffffff,2
888b2c9987fffff,868b2c99fffffff,2
888b2c9989fffff,868b2c99fffffff,2
888b2c998bfffff,868b2c99fffffff,2
888b2c998dfffff,868b2c99fffffff,2
888b2c9991fffff,868b2c99fffffff,2
888b2c9993fffff,868b2c99fffffff,2
888b2c9995fffff,868b2c99fffffff,2
888b2c9997fffff,868b2c99fffffff,2
888b2c9999fffff,868b2c99fffffff,2
888b2c999bfffff,868b2c99fffffff,2
888b2c999dfffff,868b2c99fffffff,2
888b2c99a3fffff,868b2c99fffffff,2
888b2c99a9fffff,868b2c99fffffff,2
888b2c99abfffff,868b2c99fffffff,2
888b2c99b1fffff,868b2c99fffffff,2
888b2c99b3fffff,868b2c99fffffff,2
888b2c99b5fffff,868b2c99fffffff,2
888b2c99b7fffff,868b2c99fffffff,2
888b2c99b9fffff,868b2c99fffffff,2
888b2c99bbfffff,868b2c99fffffff,2
888b2c99bdfffff,868b2c99fffffff,2
888b2c99c1fffff,868b2c99fffffff,2
888b2c99c3fffff,868b2c99fffffff,2
888b2c99c5fffff,868b2c99fffffff,2
888b2c99c7fffff,868b2c99fffffff,2
888b2c99c9fffff,868b2c99fffffff,2
888b2c99cbfffff,868b2c99fffffff,2
888b2c99cdfffff,868b2c99fffffff,2
888b2c99d1fffff,868b2c99fffffff,2
888b2c99d3fffff,868b2c99fffffff,2
888b2c99d5fffff,868b2c99fffffff,2
888b2c99d7fffff,868b2c99fffffff,2
888b2c99d9fffff,868b2c99fffffff,2
888b2c99dbfffff,868b2c99fffffff,2
888b2c99ddfffff,868b2c99fffffff,2
888b2c99e1fffff,868b2c99fffffff,2
888b2c99e3fffff,868b2c99fffffff,2
888b2c99e5fffff,868b2c99fffffff,2
888b2c99e7fffff,868b2c99fffffff,2
888b2c99e9fffff,868b2c99fffffff,2
888b2c99ebfffff,868b2c99fffffff,2
888b2c99edfffff,868b2c99fffffff,2
888b2c9a23fffff,868b2c9a7ffffff,1
888b2c9a25fffff,868b2c9a7ffffff,1
888b2c9a27fffff,868b2c9a7ffffff,1
888b2c9a31fffff,868b2c9a7ffffff,1
888b2c9a35fffff,868b2c9a7ffffff,1
888b2c9a3bfffff,868b2c9a7ffffff,1
888b2c9a91fffff,868b2c9afffffff,3
888b2c9a93fffff,868b2c9afffffff,3
888b2c9a97fffff,868b2c9afffffff,3
888b2c9aa1fffff,868b2c9afffffff,3
888b2c9aa3fffff,868b2c9afffffff,3
888b2c9aa5fffff,868b2c9afffffff,3
888b2c9aa7fffff,868b2c9afffffff,3
888b2c9aa9fffff,868b2c9afffffff,3
888b2c9aabfffff,868b2c9afffffff,3
888b2c9aadfffff,868b2c9afffffff,3
888b2c9ab1fffff,868b2c9afffffff,3
888b2c9ab5fffff,868b2c9afffffff,3
888b2c9ab7fffff,868b2c9afffffff,3
888b2c9abbfffff,868b2c9afffffff,3
888b2c9ac3fffff,868b2c9afffffff,3
888b2c9ac7fffff,868b2c9afffffff,3
888b2c9aebfffff,868b2c9afffffff,3
888b2cc25bfffff,868b2cc27ffffff,0
888b2cc64bfffff,868b2cc67ffffff,4
888b2cd097fffff,868b2cd0fffffff,3
888b2cd401fffff,868b2cd47ffffff,4
888b2cd403fffff,868b2cd47ffffff,4
888b2cd405fffff,868b2cd47ffffff,4
888b2cd407fffff,868b2cd47ffffff,4
888b2cd40bfffff,868b2cd47ffffff,4
888b2cd40dfffff,868b2cd47ffffff,4
888b2cd411fffff,868b2cd47ffffff,4
888b2cd413fffff,868b2cd47ffffff,4
888b2cd415fffff,868b2cd47ffffff,4
888b2cd417fffff,868b2cd47ffffff,4
888b2cd419fffff,868b2cd47ffffff,4
888b2cd41bfffff,868b2cd47ffffff,4
888b2cd41dfffff,868b2cd47ffffff,4
888b2cd421fffff,868b2cd47ffffff,4
888b2cd423fffff,868b2cd47ffffff,4
888b2cd425fffff,868b2cd47ffffff,4
888b2cd427fffff,868b2cd47ffffff,4
888b2cd429fffff,868b2cd47ffffff,4
888b2cd42bfffff,868b2cd47ffffff,4
888b2cd42dfffff,868b2cd47ffffff,4
888b2cd431fffff,868b2cd47ffffff,4
888b2cd433fffff,868b2cd47ffffff,4
888b2cd435fffff,868b2cd47ffffff,4
888b2cd437fffff,868b2cd47ffffff,4
888b2cd439fffff,868b2cd47ffffff,4
888b2cd43bfffff,868b2cd47ffffff,4
888b2cd43dfffff,868b2cd47ffffff,4
888b2cd451fffff,868b2cd47ffffff,4
888b2cd453fffff,868b2cd47ffffff,4
888b2cd457fffff,868b2cd47ffffff,4
888b2cd459fffff,868b2cd47ffffff,4
888b2cd45bfffff,868b2cd47ffffff,4
888b2cd45dfffff,868b2cd47ffffff,4
888b2cd461fffff,868b2cd47ffffff,4
888b2cd463fffff,868b2cd47ffffff,4
888b2cd467fffff,868b2cd47ffffff,4
888b2cd46dfffff,868b2cd47ffffff,4
888b2cd481fffff,868b2cd4fffffff,3
888b2cd483fffff,868b2cd4fffffff,3
888b2cd485fffff,868b2cd4fffffff,3
888b2cd487fffff,868b2cd4fffffff,3
888b2cd489fffff,868b2cd4fffffff,3
888b2cd48bfffff,868b2cd4fffffff,3
888b2cd48dfffff,868b2cd4fffffff,3
888b2cd491fffff,868b2cd4fffffff,3
888b2cd493fffff,868b2cd4fffffff,3
888b2cd495fffff,868b2cd4fffffff,3
888b2cd497fffff,868b2cd4fffffff,3
888b2cd499fffff,868b2cd4fffffff,3
888b2cd49bfffff,868b2cd4fffffff,3
888b2cd49dfffff,868b2cd4fffffff,3
888b2cd4a3fffff,868b2cd4fffffff,3
888b2cd4a7fffff,868b2cd4fffffff,3
888b2cd4a9fffff,868b2cd4fffffff,3
888b2cd4abfffff,868b2cd4fffffff,3
888b2cd4b9fffff,868b2cd4fffffff,3
888b2cd4c1fffff,868b2cd4fffffff,3
888b2cd4c3fffff,868b2cd4fffffff,3
888b2cd4c5fffff,868b2cd4fffffff,3
888b2cd4c7fffff,868b2cd4fffffff,3
888b2cd4c9fffff,868b2cd4fffffff,3
888b2cd4cbfffff,868b2cd4fffffff,3
888b2cd4cdfffff,868b2cd4fffffff,3
888b2cd4d1fffff,868b2cd4fffffff,3
888b2cd4d3fffff,868b2cd4fffffff,3
888b2cd4d5fffff,868b2cd4fffffff,3
888b2cd4d7fffff,868b2cd4fffffff,3
888b2cd4d9fffff,868b2cd4fffffff,3
888b2cd4dbfffff,868b2cd4fffffff,3
888b2cd4ddfffff,868b2cd4fffffff,3
888b2cd4e1fffff,868b2cd4fffffff,3
888b2cd4e3fffff,868b2cd4fffffff,3
888b2cd4e5fffff,868b2cd4fffffff,3
888b2cd4e7fffff,868b2cd4fffffff,3
888b2cd4e9fffff,868b2cd4fffffff,3
888b2cd4ebfffff,868b2cd4fffffff,3
888b2cd4edfffff,868b2cd4fffffff,3
888b2cd503fffff,868b2cd57ffffff,0
888b2cd505fffff,868b2cd57ffffff,0
888b2cd507fffff,868b2cd57ffffff,0
888b2cd511fffff,868b2cd57ffffff,0
888b2cd513fffff,868b2cd57ffffff,0
888b2cd515fffff,868b2cd57ffffff,0
888b2cd517fffff,868b2cd57ffffff,0
888b2cd519fffff,868b2cd57ffffff,0
888b2cd51bfffff,868b2cd57ffffff,0
888b2cd51dfffff,868b2cd57ffffff,0
888b2cd521fffff,868b2cd57ffffff,0
888b2cd523fffff,868b2cd57ffffff,0
888b2cd527fffff,868b2cd57ffffff,0
888b2cd529fffff,868b2cd57ffffff,0
888b2cd52bfffff,868b2cd57ffffff,0
888b2cd52dfffff,868b2cd57ffffff,0
888b2cd531fffff,868b2cd57ffffff,0
888b2cd535fffff,868b2cd57ffffff,0
888b2cd539fffff,868b2cd57ffffff,0
888b2cd53bfffff,868b2cd57ffffff,0
888b2cd53dfffff,868b2cd57ffffff,0
888b2cd551fffff,868b2cd57ffffff,0
888b2cd55bfffff,868b2cd57ffffff,0
888b2cd561fffff,868b2cd57ffffff,0
888b2cd563fffff,868b2cd57ffffff,0
888b2cd565fffff,868b2cd57ffffff,0
888b2cd567fffff,868b2cd57ffffff,0
888b2cd569fffff,868b2cd57ffffff,0
888b2cd56dfffff,868b2cd57ffffff,0
888b2cd581fffff,868b2cd5fffffff,4
888b2cd589fffff,868b2cd5fffffff,4
888b2cd58bfffff,868b2cd5fffffff,4
888b2cd58dfffff,868b2cd5fffffff,4
888b2cd599fffff,868b2cd5fffffff,4
888b2cd59bfffff,868b2cd5fffffff,4
888b2cd5c1fffff,868b2cd5fffffff,4
888b2cd5c3fffff,868b2cd5fffffff,4
888b2cd5c5fffff,868b2cd5fffffff,4
888b2cd5c7fffff,868b2cd5fffffff,4
888b2cd5c9fffff,868b2cd5fffffff,4
888b2cd5cbfffff,868b2cd5fffffff,4
888b2cd5cdfffff,868b2cd5fffffff,4
888b2cd5d1fffff,868b2cd5fffffff,4
888b2cd5d3fffff,868b2cd5fffffff,4
888b2cd5d5fffff,868b2cd5fffffff,4
888b2cd5d7fffff,868b2cd5fffffff,4
888b2cd5d9fffff,868b2cd5fffffff,4
888b2cd5dbfffff,868b2cd5fffffff,4
888b2cd5ddfffff,868b2cd5fffffff,4
888b2cd5e1fffff,868b2cd5fffffff,4
888b2cd5e9fffff,868b2cd5fffffff,4
888b2cd5ebfffff,868b2cd5fffffff,4
888b2cd5edfffff,868b2cd5fffffff,4
888b2cd629fffff,868b2cd67ffffff,1
888b2cd651fffff,868b2cd67ffffff,1
888b2cd707fffff,868b2cd77ffffff,2
888b2cd717fffff,868b2cd77ffffff,2
888b2cd749fffff,868b2cd77ffffff,2
888b2cd74dfffff,868b2cd77ffffff,2
88b32d9041fffff,86b32d907ffffff,3
88b32d9045fffff,86b32d907ffffff,3
88b32d904dfffff,86b32d907ffffff,3
88b32d9069fffff,86b32d907ffffff,3
88b32d9201fffff,86b32d927ffffff,0
88b32d9205fffff,86b32d927ffffff,0
88b32d9209fffff,86b32d927ffffff,0
88b32d920bfffff,86b32d927ffffff,0
88b32d920dfffff,86b32d927ffffff,0
88b32d9211fffff,86b32d927ffffff,0
88b32d9215fffff,86b32d927ffffff,0
88b32d9219fffff,86b32d927ffffff,0
88b32d9229fffff,86b32d927ffffff,0
88b32d922dfffff,86b32d927ffffff,0
88b32d9231fffff,86b32d927ffffff,0
88b32d9235fffff,86b32d927ffffff,0
88b32d9243fffff,86b32d927ffffff,0
88b32d9251fffff,86b32d927ffffff,0
88b32d9253fffff,86b32d927ffffff,0
88b32d9255fffff,86b32d927ffffff,0
88b32d9257fffff,86b32d927ffffff,0
88b32d925bfffff,86b32d927ffffff,0
88b32d925dfffff,86b32d927ffffff,0
88b32d9267fffff,86b32d927ffffff,0
88b32d9305fffff,86b32d937ffffff,1
88b32d9309fffff,86b32d937ffffff,1
88b32d930bfffff,86b32d937ffffff,1
88b32d930dfffff,86b32d937ffffff,1
88b32d9311fffff,86b32d937ffffff,1
88b32d9313fffff,86b32d937ffffff,1
88b32d9315fffff,86b32d937ffffff,1
88b32d9317fffff,86b32d937ffffff,1
88b32d931bfffff,86b32d937ffffff,1
88b32d9325fffff,86b32d937ffffff,1
88b32d9329fffff,86b32d937ffffff,1
88b32d9331fffff,86b32d937ffffff,1
88b32d9335fffff,86b32d937ffffff,1
88b32d9339fffff,86b32d937ffffff,1
88b32d933bfffff,86b32d937ffffff,1
88b32d9351fffff,86b32d937ffffff,1
88b32d9353fffff,86b32d937ffffff,1
88b32d9355fffff,86b32d937ffffff,1
88b32d9357fffff,86b32d937ffffff,1
88b32d9359fffff,86b32d937ffffff,1
88b32d935bfffff,86b32d937ffffff,1
88b32d9361fffff,86b32d937ffffff,1
88b32d9363fffff,86b32d937ffffff,1
88b32d9365fffff,86b32d937ffffff,1
88b32d9367fffff,86b32d937ffffff,1
88b32d9369fffff,86b32d937ffffff,1
88b32d936bfffff,86b32d937ffffff,1
