archivo,lote,codificacion,filas,grupo_esquema
2022-09-12_to_2022-09-18_2022-37.csv,lote_original,utf-8,5049,0
2022-09-19_to_2022-09-25_2022-38.csv,lote_original,utf-8,10838,0
2022-09-26_to_2022-10-02_2022-39.csv,lote_original,utf-8,10850,0
2022-10-03_to_2022-10-09_2022-40.csv,lote_original,utf-8,11438,0
2022-10-10_to_2022-10-16_2022-41.csv,lote_original,utf-8,11443,0
2022-10-17_to_2022-10-23_2022-42.csv,lote_original,utf-8,11235,0
2022-10-24_to_2022-10-30_2022-43.csv,lote_original,utf-8,11492,0
2022-10-31_to_2022-11-06_2022-44.csv,lote_original,utf-8,12822,0
2022-11-07_to_2022-11-13_2022-45.csv,lote_original,utf-8,14524,0
2022-11-14_to_2022-11-20_2022-46.csv,lote_original,utf-8,16301,0
2022-11-21_to_2022-11-27_2022-47.csv,lote_original,utf-8,15985,0
2022-11-28_to_2022-12-04_2022-48.csv,lote_original,utf-8,14859,0
2022-12-05_to_2022-12-11_2022-49.csv,lote_original,utf-8,15815,0
2022-12-12_to_2022-12-18_2022-50.csv,lote_original,utf-8,16307,0
2022-12-19_to_2022-12-25_2022-51.csv,lote_original,utf-8,15372,0
2022-12-26_to_2023-01-01_2022-52.csv,lote_original,utf-8,11622,0
2022-12-26_to_2023-01-01_2023-00.csv,lote_original,utf-8,695,0
2023-01-02_to_2023-01-08_2023-01.csv,lote_original,utf-8,13094,0
2023-01-09_to_2023-01-15_2023-02.csv,lote_original,utf-8,15944,0
2023-01-16_to_2023-01-22_2023-03.csv,lote_original,utf-8,16376,0
2023-01-23_to_2023-01-29_2023-04.csv,lote_original,utf-8,16803,0
2023-01-30_to_2023-02-05_2023-05.csv,lote_original,utf-8,18346,0
2023-02-06_to_2023-02-12_2023-06.csv,lote_original,utf-8,21731,0
2023-02-13_to_2023-02-19_2023-07.csv,lote_original,utf-8,21949,0
2023-02-20_to_2023-02-26_2023-08.csv,lote_original,utf-8,16612,0
2023-02-27_to_2023-03-05_2023-09.csv,lote_original,utf-8,21885,0
2023-03-06_to_2023-03-12_2023-10.csv,lote_original,utf-8,24080,0
2023-03-13_to_2023-03-19_2023-11.csv,lote_original,utf-8,24907,0
2023-03-20_to_2023-03-26_2023-12.csv,lote_original,utf-8,22892,0
2023-03-27_to_2023-04-02_2023-13.csv,lote_original,utf-8,20736,0
2023-04-03_to_2023-04-09_2023-14.csv,lote_original,utf-8,20775,0
2023-04-10_to_2023-04-16_2023-15.csv,lote_original,utf-8,25693,0
2023-04-17_to_2023-04-23_2023-16.csv,lote_original,utf-8,24964,0
2023-04-24_to_2023-04-30_2023-17.csv,lote_original,utf-8,23596,0
2023-05-01_to_2023-05-07_2023-18.csv,lote_original,utf-8,21394,0
2023-05-08_to_2023-05-14_2023-19.csv,lote_original,utf-8,23461,0
2023-05-15_to_2023-05-21_2023-20.csv,lote_original,utf-8,24236,0
2023-05-22_to_2023-05-28_2023-21.csv,lote_original,utf-8,21666,0
2023-05-29_to_2023-06-04_2023-22.csv,lote_original,utf-8,22922,0
2023-06-05_to_2023-06-11_2023-23.csv,lote_original,utf-8,23312,0
2023-06-12_to_2023-06-18_2023-24.csv,lote_original,utf-8,25206,0
2023-06-19_to_2023-06-25_2023-25.csv,lote_original,utf-8,22161,0
2023-06-26_to_2023-07-02_2023-26.csv,lote_original,utf-8,23171,0
2023-07-03_to_2023-07-09_2023-27.csv,lote_original,utf-8,23726,0
2023-07-10_to_2023-07-16_2023-28.csv,lote_original,utf-8,24131,0
2023-07-17_to_2023-07-23_2023-29.csv,lote_original,utf-8,15438,0
2023-07-24_to_2023-07-30_2023-30.csv,lote_original,utf-8,13311,0
2023-07-31_to_2023-08-06_2023-31.csv,lote_original,utf-8,25049,0
2023-08-07_to_2023-08-13_2023-32.csv,lote_original,utf-8,26103,0
2023-08-14_to_2023-08-20_2023-33.csv,lote_original,utf-8,26636,0
2023-08-21_to_2023-08-27_2023-34.csv,lote_original,utf-8,27768,0
2023-08-28_to_2023-09-03_2023-35.csv,lote_original,utf-8,25323,0
2023-09-04_to_2023-09-10_2023-36.csv,lote_original,utf-8,30105,0
2023-09-11_to_2023-09-17_2023-37.csv,lote_original,utf-8,22003,0
2023-09-18_to_2023-09-24_2023-38.csv,lote_original,utf-8,27894,0
2023-09-25_to_2023-10-01_2023-39.csv,lote_original,utf-8,30430,0
2023-10-02_to_2023-10-08_2023-40.csv,lote_original,utf-8,29872,0
2023-10-09_to_2023-10-15_2023-41.csv,lote_original,utf-8,29478,0
2023-10-16_to_2023-10-22_2023-42.csv,lote_original,utf-8,29523,0
2023-10-23_to_2023-10-29_2023-43.csv,lote_original,utf-8,29070,0
2023-10-30_to_2023-11-05_2023-44.csv,lote_original,utf-8,25749,0
2023-11-06_to_2023-11-12_2023-45.csv,lote_original,utf-8,29601,0
2023-11-13_to_2023-11-19_2023-46.csv,lote_original,utf-8,28976,0
2023-11-20_to_2023-11-26_2023-47.csv,lote_original,utf-8,29723,0
2023-11-27_to_2023-12-03_2023-48.csv,lote_original,utf-8,26268,0
2023-12-04_to_2023-12-10_2023-49.csv,lote_original,utf-8,31169,0
2023-12-11_to_2023-12-17_2023-50.csv,lote_original,utf-8,33050,0
2023-12-18_to_2023-12-24_2023-51.csv,lote_original,utf-8,32220,0
2023-12-25_to_2023-12-31_2023-52.csv,lote_original,utf-8,23058,0
2024-01-01_to_2024-01-07_2024-01.csv,lote_original,utf-8,25860,0
2024-01-08_to_2024-01-14_2024-02.csv,lote_original,utf-8,31418,0
2024-01-15_to_2024-01-21_2024-03.csv,lote_original,utf-8,31925,0
2024-01-22_to_2024-01-28_2024-04.csv,lote_original,utf-8,29101,0
2024-01-29_to_2024-02-04_2024-05.csv,lote_original,utf-8,20340,0
2024-02-05_to_2024-02-11_2024-06.csv,lote_original,utf-8,16224,0
2024-02-12_to_2024-02-18_2024-07.csv,lote_original,utf-8,33011,0
2024-02-19_to_2024-02-25_2024-08.csv,lote_original,utf-8,42005,0
2024-02-26_to_2024-03-03_2024-09.csv,lote_original,utf-8,41938,0
2024-03-04_to_2024-03-10_2024-10.csv,lote_original,utf-8,33843,0
2024-04-29_to_2024-05-05_2024-18.csv,lote_2024_nuevo,latin-1,932,1
2024-05-06_to_2024-05-12_2024-19.csv,lote_2024_nuevo,latin-1,42247,1
2024-05-13_to_2024-05-19_2024-20.csv,lote_2024_nuevo,latin-1,41831,1
2024-05-20_to_2024-05-26_2024-21.csv,lote_2024_nuevo,latin-1,41509,1
2024-05-27_to_2024-06-02_2024-22.csv,lote_2024_nuevo,latin-1,33872,1
2024-06-03_to_2024-06-09_2024-23.csv,lote_2024_nuevo,latin-1,1386,1
