tabla,columna,tipo,pct_nulos,descripcion
queries.parquet,date,String,0.0,fecha y hora de la consulta (texto original)
queries.parquet,lat_orig,Float64,0.0,latitud de origen
queries.parquet,lon_orig,Float64,0.0,longitud de origen
queries.parquet,lat_dest,Float64,0.0,latitud de destino
queries.parquet,lon_dest,Float64,0.0,longitud de destino
queries.parquet,userID,String,0.0,instalación de la app
queries.parquet,distancia,Float64,0.0,distancia origen–destino en metros
queries.parquet,origin_municipio,String,0.0,municipio de origen (geocodificación de Trufi)
queries.parquet,dest_municipio,String,0.0,municipio de destino
queries.parquet,hour,Int64,0.0,hora local
queries.parquet,day_of_week,Int64,0.0,día de la semana (0 = lunes)
queries.parquet,day_of_month,Int64,0.0,día del mes
queries.parquet,weekend,Int64,0.0,1 si es fin de semana
queries.parquet,source_file,String,0.0,CSV de origen
queries.parquet,source_batch,String,0.0,lote de exportación
queries.parquet,source_encoding,String,0.0,codificación del CSV
queries.parquet,year_week_number,String,91.608,semana del año (solo lote 2024)
queries.parquet,time_of_day,String,91.608,franja horaria (solo lote 2024)
queries.parquet,ts,"Datetime(time_unit='us', time_zone=None)",0.0,fecha y hora parseada
queries.parquet,year,Int32,0.0,año ISO
queries.parquet,week,Int32,0.0,semana ISO
celdas_objetivo.parquet,h3_cell,String,0.0,celda H3 res 8
celdas_objetivo.parquet,query_count,Int64,0.0,consultas con origen en la celda (objetivo)
celdas_objetivo.parquet,user_count,Int64,0.0,usuarios distintos con origen en la celda
celdas_objetivo.parquet,population,Int64,0.0,población Kontur 2023
celdas_objetivo.parquet,population_2022,Int64,0.0,población Kontur 2022
celdas_objetivo.parquet,lat,Float64,0.0,latitud del centroide
celdas_objetivo.parquet,lon,Float64,0.0,longitud del centroide
