variable,objetivo,spearman,p_valor
population,query_count,0.855,0.0
population,tasa_1000,0.71,1.248175960305434e-212
pop_ring1,query_count,0.836,0.0
pop_ring1,tasa_1000,0.721,3.2991919287782674e-222
pop_ring2,query_count,0.804,0.0
pop_ring2,tasa_1000,0.701,4.224169468682054e-205
dist_centro_km,query_count,-0.476,3.478049740373872e-79
dist_centro_km,tasa_1000,-0.485,2.066865081053939e-82
dist_plaza_km,query_count,-0.697,4.8867475450085954e-201
dist_plaza_km,tasa_1000,-0.677,1.6079202561492644e-185
dist_trazado_m,query_count,-0.763,2.0771630984626008e-263
dist_trazado_m,tasa_1000,-0.701,1.034660646122069e-204
population_2022,population,0.977,0.0
