rank,h3_cell,lat,lon,population,query_count,expected_count,p_low,pearson_residual,gap_category,significant_deficit,gtfs_covered,dist_stop_m,edge_cell,note,osm_url
1,888b2c8119fffff,-17.41587701063004,-66.2325601905127,392,8,858.36,0.1329,-0.6146,bajo_lo_esperado,False,0,898.0,False,"bajo lo esperado (p_low < 0,20, categoría descriptiva D-310)",https://www.openstreetmap.org/?mlat=-17.41588&mlon=-66.23256#map=16/-17.41588/-66.23256
2,888b2c8101fffff,-17.419652329924595,-66.21018247259987,1587,28,2737.3,0.1346,-0.6141,bajo_lo_esperado,False,1,162.0,False,"bajo lo esperado (p_low < 0,20, categoría descriptiva D-310)",https://www.openstreetmap.org/?mlat=-17.41965&mlon=-66.21018#map=16/-17.41965/-66.21018
3,888b2c880bfffff,-17.354904799447244,-66.13563116845937,734,27,2495.57,0.1376,-0.6138,bajo_lo_esperado,False,0,973.0,False,"bajo lo esperado (p_low < 0,20, categoría descriptiva D-310)",https://www.openstreetmap.org/?mlat=-17.35490&mlon=-66.13563#map=16/-17.35490/-66.13563
4,888b2c803dfffff,-17.413516062440774,-66.26351089473599,794,23,2010.62,0.1408,-0.6134,bajo_lo_esperado,False,0,524.0,False,"bajo lo esperado (p_low < 0,20, categoría descriptiva D-310)",https://www.openstreetmap.org/?mlat=-17.41352&mlon=-66.26351#map=16/-17.41352/-66.26351
5,888b2c8107fffff,-17.411619275768757,-66.20686641728736,1911,56,4115.21,0.1495,-0.6121,bajo_lo_esperado,False,0,613.0,False,"bajo lo esperado (p_low < 0,20, categoría descriptiva D-310)",https://www.openstreetmap.org/?mlat=-17.41162&mlon=-66.20687#map=16/-17.41162/-66.20687
6,888b2cd6a7fffff,-17.4270736216751,-66.0299614706636,487,0,46.89,0.1569,-0.618,bajo_lo_esperado,False,0,568.0,False,"bajo lo esperado (p_low < 0,20, categoría descriptiva D-310)",https://www.openstreetmap.org/?mlat=-17.42707&mlon=-66.02996#map=16/-17.42707/-66.02996
7,888b2c8865fffff,-17.363864549919644,-66.09948402747867,653,8,523.15,0.1607,-0.6108,bajo_lo_esperado,False,1,439.0,False,"bajo lo esperado (p_low < 0,20, categoría descriptiva D-310)",https://www.openstreetmap.org/?mlat=-17.36386&mlon=-66.09948#map=16/-17.36386/-66.09948
8,888b2c8129fffff,-17.41681221674157,-66.19305645862201,1788,99,5439.36,0.1668,-0.6092,bajo_lo_esperado,False,1,406.0,False,"bajo lo esperado (p_low < 0,20, categoría descriptiva D-310)",https://www.openstreetmap.org/?mlat=-17.41681&mlon=-66.19306#map=16/-17.41681/-66.19306
9,888b2c8021fffff,-17.418714265803473,-66.24969362210665,491,10,516.88,0.1747,-0.6083,bajo_lo_esperado,False,0,1023.0,False,"bajo lo esperado (p_low < 0,20, categoría descriptiva D-310)",https://www.openstreetmap.org/?mlat=-17.41871&mlon=-66.24969#map=16/-17.41871/-66.24969
10,888b2c811dfffff,-17.414458012449312,-66.22399474929249,716,43,1940.69,0.1805,-0.6067,bajo_lo_esperado,False,1,46.0,False,"bajo lo esperado (p_low < 0,20, categoría descriptiva D-310)",https://www.openstreetmap.org/?mlat=-17.41446&mlon=-66.22399#map=16/-17.41446/-66.22399
11,888b2c8159fffff,-17.43855818184509,-66.2339470442265,969,0,32.0,0.1815,-0.6168,bajo_lo_esperado,False,1,174.0,False,"bajo lo esperado (p_low < 0,20, categoría descriptiva D-310)",https://www.openstreetmap.org/?mlat=-17.43856&mlon=-66.23395#map=16/-17.43856/-66.23395
12,888b2c810bfffff,-17.42107201656374,-66.21874675548916,763,29,1298.93,0.1815,-0.6066,bajo_lo_esperado,False,1,189.0,False,"bajo lo esperado (p_low < 0,20, categoría descriptiva D-310)",https://www.openstreetmap.org/?mlat=-17.42107&mlon=-66.21875#map=16/-17.42107/-66.21875
13,888b2c8105fffff,-17.418232396592586,-66.20161904022552,2158,137,5081.54,0.1937,-0.6038,bajo_lo_esperado,False,1,27.0,False,"bajo lo esperado (p_low < 0,20, categoría descriptiva D-310)",https://www.openstreetmap.org/?mlat=-17.41823&mlon=-66.20162#map=16/-17.41823/-66.20162
14,888b2cd6bdfffff,-17.429926002594097,-66.04705707328708,999,15,568.29,0.1951,-0.604,bajo_lo_esperado,False,1,89.0,False,"bajo lo esperado (p_low < 0,20, categoría descriptiva D-310)",https://www.openstreetmap.org/?mlat=-17.42993&mlon=-66.04706#map=16/-17.42993/-66.04706
15,888b2c8709fffff,-17.40119019563431,-66.37025045375434,669,0,24.43,0.2011,-0.6157,esperado,False,0,1207.0,False,"candidata a revisar: menor p_low, sin categoría de déficit (D-402)",https://www.openstreetmap.org/?mlat=-17.40119&mlon=-66.37025#map=16/-17.40119/-66.37025
16,888b2c8729fffff,-17.390325750591938,-66.34977072124046,547,0,24.03,0.2023,-0.6156,esperado,False,0,725.0,False,"candidata a revisar: menor p_low, sin categoría de déficit (D-402)",https://www.openstreetmap.org/?mlat=-17.39033&mlon=-66.34977#map=16/-17.39033/-66.34977
17,888b2c810dfffff,-17.42626520222494,-66.20493484571615,1697,29,975.95,0.2025,-0.602,esperado,False,1,114.0,False,"candidata a revisar: menor p_low, sin categoría de déficit (D-402)",https://www.openstreetmap.org/?mlat=-17.42627&mlon=-66.20493#map=16/-17.42627/-66.20493
18,888b2c8027fffff,-17.410680184719826,-66.2463751494333,420,13,442.13,0.2039,-0.602,esperado,False,0,1002.0,False,"candidata a revisar: menor p_low, sin categoría de déficit (D-402)",https://www.openstreetmap.org/?mlat=-17.41068&mlon=-66.24638#map=16/-17.41068/-66.24638
19,888b2c812bfffff,-17.41019953761648,-66.19830352701453,1885,168,5442.99,0.2039,-0.6014,esperado,False,1,151.0,False,"candidata a revisar: menor p_low, sin categoría de déficit (D-402)",https://www.openstreetmap.org/?mlat=-17.41020&mlon=-66.19830#map=16/-17.41020/-66.19830
20,888b2c8545fffff,-17.35817697220004,-66.33647528185952,693,0,23.14,0.2052,-0.6154,esperado,False,0,503.0,False,"candidata a revisar: menor p_low, sin categoría de déficit (D-402)",https://www.openstreetmap.org/?mlat=-17.35818&mlon=-66.33648#map=16/-17.35818/-66.33648
